image_id,source_type,source_batch,dataset_name,dataset_slug,source_group,product_name,product_domain,label_lane,final_label_guess,batch_name,filename,relative_path,source_workspace,review_status,notes
manual_batch_000001,manual,biskuit_non_sellable_batch_01,dataset-scrape,dataset_scrape_manual,manual_batch,biskuit,biskuit_kukis,non_sellable,tidak_layak_jual,batch_01,01_gosong (1).png,dataset-new/biskuit/non_sellable/01_gosong (1).png,dataset-scrape,incoming,Imported from manual incoming batch inventory.
manual_batch_000002,manual,biskuit_non_sellable_batch_01,dataset-scrape,dataset_scrape_manual,manual_batch,biskuit,biskuit_kukis,non_sellable,tidak_layak_jual,batch_01,01_gosong (2).png,dataset-new/biskuit/non_sellable/01_gosong (2).png,dataset-scrape,incoming,Imported from manual incoming batch inventory.
manual_batch_000003,manual,biskuit_non_sellable_batch_01,dataset-scrape,dataset_scrape_manual,manual_batch,biskuit,biskuit_kukis,non_sellable,tidak_layak_jual,batch_01,01_gosong.png,dataset-new/biskuit/non_sellable/01_gosong.png,dataset-scrape,incoming,Imported from manual incoming batch inventory.
manual_batch_000004,manual,biskuit_non_sellable_batch_01,dataset-scrape,dataset_scrape_manual,manual_batch,biskuit,biskuit_kukis,non_sellable,tidak_layak_jual,batch_01,02_bercak_1.png,dataset-new/biskuit/non_sellable/02_bercak_1.png,dataset-scrape,incoming,Imported from manual incoming batch inventory.
manual_batch_000005,manual,biskuit_non_sellable_batch_01,dataset-scrape,dataset_scrape_manual,manual_batch,biskuit,biskuit_kukis,non_sellable,tidak_layak_jual,batch_01,02_bercak_noda_a (1).png,dataset-new/biskuit/non_sellable/02_bercak_noda_a (1).png,dataset-scrape,incoming,Imported from manual incoming batch inventory.
manual_batch_000006,manual,biskuit_non_sellable_batch_01,dataset-scrape,dataset_scrape_manual,manual_batch,biskuit,biskuit_kukis,non_sellable,tidak_layak_jual,batch_01,02_bercak_noda_a.png,dataset-new/biskuit/non_sellable/02_bercak_noda_a.png,dataset-scrape,incoming,Imported from manual incoming batch inventory.
manual_batch_000007,manual,biskuit_non_sellable_batch_01,dataset-scrape,dataset_scrape_manual,manual_batch,biskuit,biskuit_kukis,non_sellable,tidak_layak_jual,batch_01,03_bercak_2.png,dataset-new/biskuit/non_sellable/03_bercak_2.png,dataset-scrape,incoming,Imported from manual incoming batch inventory.
manual_batch_000008,manual,biskuit_non_sellable_batch_01,dataset-scrape,dataset_scrape_manual,manual_batch,biskuit,biskuit_kukis,non_sellable,tidak_layak_jual,batch_01,03_bercak_noda_b (1).png,dataset-new/biskuit/non_sellable/03_bercak_noda_b (1).png,dataset-scrape,incoming,Imported from manual incoming batch inventory.
manual_batch_000009,manual,biskuit_non_sellable_batch_01,dataset-scrape,dataset_scrape_manual,manual_batch,biskuit,biskuit_kukis,non_sellable,tidak_layak_jual,batch_01,03_bercak_noda_b.png,dataset-new/biskuit/non_sellable/03_bercak_noda_b.png,dataset-scrape,incoming,Imported from manual incoming batch inventory.
manual_batch_000010,manual,biskuit_non_sellable_batch_01,dataset-scrape,dataset_scrape_manual,manual_batch,biskuit,biskuit_kukis,non_sellable,tidak_layak_jual,batch_01,04_hancur_pecah (1).png,dataset-new/biskuit/non_sellable/04_hancur_pecah (1).png,dataset-scrape,incoming,Imported from manual incoming batch inventory.
manual_batch_000011,manual,biskuit_non_sellable_batch_01,dataset-scrape,dataset_scrape_manual,manual_batch,biskuit,biskuit_kukis,non_sellable,tidak_layak_jual,batch_01,04_hancur_pecah.png,dataset-new/biskuit/non_sellable/04_hancur_pecah.png,dataset-scrape,incoming,Imported from manual incoming batch inventory.
manual_batch_000012,manual,biskuit_non_sellable_batch_01,dataset-scrape,dataset_scrape_manual,manual_batch,biskuit,biskuit_kukis,non_sellable,tidak_layak_jual,batch_01,04_pecah.png,dataset-new/biskuit/non_sellable/04_pecah.png,dataset-scrape,incoming,Imported from manual incoming batch inventory.
manual_batch_000013,manual,biskuit_non_sellable_batch_01,dataset-scrape,dataset_scrape_manual,manual_batch,biskuit,biskuit_kukis,non_sellable,tidak_layak_jual,batch_01,05_jamur (1).png,dataset-new/biskuit/non_sellable/05_jamur (1).png,dataset-scrape,incoming,Imported from manual incoming batch inventory.
manual_batch_000014,manual,biskuit_non_sellable_batch_01,dataset-scrape,dataset_scrape_manual,manual_batch,biskuit,biskuit_kukis,non_sellable,tidak_layak_jual,batch_01,05_jamur (2).png,dataset-new/biskuit/non_sellable/05_jamur (2).png,dataset-scrape,incoming,Imported from manual incoming batch inventory.
manual_batch_000015,manual,biskuit_non_sellable_batch_01,dataset-scrape,dataset_scrape_manual,manual_batch,biskuit,biskuit_kukis,non_sellable,tidak_layak_jual,batch_01,05_jamur.png,dataset-new/biskuit/non_sellable/05_jamur.png,dataset-scrape,incoming,Imported from manual incoming batch inventory.
manual_batch_000016,manual,biskuit_non_sellable_batch_01,dataset-scrape,dataset_scrape_manual,manual_batch,biskuit,biskuit_kukis,non_sellable,tidak_layak_jual,batch_01,1_gosong.png,dataset-new/biskuit/non_sellable/1_gosong.png,dataset-scrape,incoming,Imported from manual incoming batch inventory.
manual_batch_000017,manual,biskuit_non_sellable_batch_01,dataset-scrape,dataset_scrape_manual,manual_batch,biskuit,biskuit_kukis,non_sellable,tidak_layak_jual,batch_01,2_bercak_noda.png,dataset-new/biskuit/non_sellable/2_bercak_noda.png,dataset-scrape,incoming,Imported from manual incoming batch inventory.
manual_batch_000018,manual,biskuit_non_sellable_batch_01,dataset-scrape,dataset_scrape_manual,manual_batch,biskuit,biskuit_kukis,non_sellable,tidak_layak_jual,batch_01,3_bercak_noda_2.png,dataset-new/biskuit/non_sellable/3_bercak_noda_2.png,dataset-scrape,incoming,Imported from manual incoming batch inventory.
manual_batch_000019,manual,biskuit_non_sellable_batch_01,dataset-scrape,dataset_scrape_manual,manual_batch,biskuit,biskuit_kukis,non_sellable,tidak_layak_jual,batch_01,4_hancur_pecah.png,dataset-new/biskuit/non_sellable/4_hancur_pecah.png,dataset-scrape,incoming,Imported from manual incoming batch inventory.
manual_batch_000020,manual,biskuit_non_sellable_batch_01,dataset-scrape,dataset_scrape_manual,manual_batch,biskuit,biskuit_kukis,non_sellable,tidak_layak_jual,batch_01,5_jamur.png,dataset-new/biskuit/non_sellable/5_jamur.png,dataset-scrape,incoming,Imported from manual incoming batch inventory.
manual_batch_000021,manual,biskuit_non_sellable_batch_01,dataset-scrape,dataset_scrape_manual,manual_batch,biskuit,biskuit_kukis,non_sellable,tidak_layak_jual,batch_01,biskuit_hangus_1.png,dataset-new/biskuit/non_sellable/biskuit_hangus_1.png,dataset-scrape,incoming,Imported from manual incoming batch inventory.
manual_batch_000022,manual,biskuit_non_sellable_batch_01,dataset-scrape,dataset_scrape_manual,manual_batch,biskuit,biskuit_kukis,non_sellable,tidak_layak_jual,batch_01,biskuit_hangus_2.png,dataset-new/biskuit/non_sellable/biskuit_hangus_2.png,dataset-scrape,incoming,Imported from manual incoming batch inventory.
manual_batch_000023,manual,biskuit_non_sellable_batch_01,dataset-scrape,dataset_scrape_manual,manual_batch,biskuit,biskuit_kukis,non_sellable,tidak_layak_jual,batch_01,biskuit_hangus_3.png,dataset-new/biskuit/non_sellable/biskuit_hangus_3.png,dataset-scrape,incoming,Imported from manual incoming batch inventory.
manual_batch_000024,manual,biskuit_non_sellable_batch_01,dataset-scrape,dataset_scrape_manual,manual_batch,biskuit,biskuit_kukis,non_sellable,tidak_layak_jual,batch_01,biskuit_hangus_4.png,dataset-new/biskuit/non_sellable/biskuit_hangus_4.png,dataset-scrape,incoming,Imported from manual incoming batch inventory.
manual_batch_000025,manual,biskuit_non_sellable_batch_01,dataset-scrape,dataset_scrape_manual,manual_batch,biskuit,biskuit_kukis,non_sellable,tidak_layak_jual,batch_01,biskuit_hangus_5.png,dataset-new/biskuit/non_sellable/biskuit_hangus_5.png,dataset-scrape,incoming,Imported from manual incoming batch inventory.
manual_batch_000026,manual,biskuit_non_sellable_batch_01,dataset-scrape,dataset_scrape_manual,manual_batch,biskuit,biskuit_kukis,non_sellable,tidak_layak_jual,batch_01,biskuit_jamur_1.png,dataset-new/biskuit/non_sellable/biskuit_jamur_1.png,dataset-scrape,incoming,Imported from manual incoming batch inventory.
manual_batch_000027,manual,biskuit_non_sellable_batch_01,dataset-scrape,dataset_scrape_manual,manual_batch,biskuit,biskuit_kukis,non_sellable,tidak_layak_jual,batch_01,biskuit_jamur_2.png,dataset-new/biskuit/non_sellable/biskuit_jamur_2.png,dataset-scrape,incoming,Imported from manual incoming batch inventory.
manual_batch_000028,manual,biskuit_non_sellable_batch_01,dataset-scrape,dataset_scrape_manual,manual_batch,biskuit,biskuit_kukis,non_sellable,tidak_layak_jual,batch_01,biskuit_jamur_3.png,dataset-new/biskuit/non_sellable/biskuit_jamur_3.png,dataset-scrape,incoming,Imported from manual incoming batch inventory.
manual_batch_000029,manual,biskuit_non_sellable_batch_01,dataset-scrape,dataset_scrape_manual,manual_batch,biskuit,biskuit_kukis,non_sellable,tidak_layak_jual,batch_01,biskuit_jamur_4.png,dataset-new/biskuit/non_sellable/biskuit_jamur_4.png,dataset-scrape,incoming,Imported from manual incoming batch inventory.
manual_batch_000030,manual,biskuit_non_sellable_batch_01,dataset-scrape,dataset_scrape_manual,manual_batch,biskuit,biskuit_kukis,non_sellable,tidak_layak_jual,batch_01,biskuit_jamur_5.png,dataset-new/biskuit/non_sellable/biskuit_jamur_5.png,dataset-scrape,incoming,Imported from manual incoming batch inventory.
manual_batch_000031,manual,biskuit_non_sellable_batch_01,dataset-scrape,dataset_scrape_manual,manual_batch,biskuit,biskuit_kukis,non_sellable,tidak_layak_jual,batch_01,biskuit_rusak_1 (1).png,dataset-new/biskuit/non_sellable/biskuit_rusak_1 (1).png,dataset-scrape,incoming,Imported from manual incoming batch inventory.
manual_batch_000032,manual,biskuit_non_sellable_batch_01,dataset-scrape,dataset_scrape_manual,manual_batch,biskuit,biskuit_kukis,non_sellable,tidak_layak_jual,batch_01,biskuit_rusak_1.png,dataset-new/biskuit/non_sellable/biskuit_rusak_1.png,dataset-scrape,incoming,Imported from manual incoming batch inventory.
manual_batch_000033,manual,biskuit_non_sellable_batch_01,dataset-scrape,dataset_scrape_manual,manual_batch,biskuit,biskuit_kukis,non_sellable,tidak_layak_jual,batch_01,biskuit_rusak_2 (1).png,dataset-new/biskuit/non_sellable/biskuit_rusak_2 (1).png,dataset-scrape,incoming,Imported from manual incoming batch inventory.
manual_batch_000034,manual,biskuit_non_sellable_batch_01,dataset-scrape,dataset_scrape_manual,manual_batch,biskuit,biskuit_kukis,non_sellable,tidak_layak_jual,batch_01,biskuit_rusak_2.png,dataset-new/biskuit/non_sellable/biskuit_rusak_2.png,dataset-scrape,incoming,Imported from manual incoming batch inventory.
manual_batch_000035,manual,biskuit_non_sellable_batch_01,dataset-scrape,dataset_scrape_manual,manual_batch,biskuit,biskuit_kukis,non_sellable,tidak_layak_jual,batch_01,biskuit_rusak_3 (1).png,dataset-new/biskuit/non_sellable/biskuit_rusak_3 (1).png,dataset-scrape,incoming,Imported from manual incoming batch inventory.
manual_batch_000036,manual,biskuit_non_sellable_batch_01,dataset-scrape,dataset_scrape_manual,manual_batch,biskuit,biskuit_kukis,non_sellable,tidak_layak_jual,batch_01,biskuit_rusak_3.png,dataset-new/biskuit/non_sellable/biskuit_rusak_3.png,dataset-scrape,incoming,Imported from manual incoming batch inventory.
manual_batch_000037,manual,biskuit_non_sellable_batch_01,dataset-scrape,dataset_scrape_manual,manual_batch,biskuit,biskuit_kukis,non_sellable,tidak_layak_jual,batch_01,biskuit_rusak_4 (1).png,dataset-new/biskuit/non_sellable/biskuit_rusak_4 (1).png,dataset-scrape,incoming,Imported from manual incoming batch inventory.
manual_batch_000038,manual,biskuit_non_sellable_batch_01,dataset-scrape,dataset_scrape_manual,manual_batch,biskuit,biskuit_kukis,non_sellable,tidak_layak_jual,batch_01,biskuit_rusak_4.png,dataset-new/biskuit/non_sellable/biskuit_rusak_4.png,dataset-scrape,incoming,Imported from manual incoming batch inventory.
manual_batch_000039,manual,biskuit_non_sellable_batch_01,dataset-scrape,dataset_scrape_manual,manual_batch,biskuit,biskuit_kukis,non_sellable,tidak_layak_jual,batch_01,biskuit_rusak_5 (1).png,dataset-new/biskuit/non_sellable/biskuit_rusak_5 (1).png,dataset-scrape,incoming,Imported from manual incoming batch inventory.
manual_batch_000040,manual,biskuit_non_sellable_batch_01,dataset-scrape,dataset_scrape_manual,manual_batch,biskuit,biskuit_kukis,non_sellable,tidak_layak_jual,batch_01,biskuit_rusak_5.png,dataset-new/biskuit/non_sellable/biskuit_rusak_5.png,dataset-scrape,incoming,Imported from manual incoming batch inventory.
manual_batch_000041,manual,biskuit_non_sellable_batch_01,dataset-scrape,dataset_scrape_manual,manual_batch,biskuit,biskuit_kukis,non_sellable,tidak_layak_jual,batch_01,biskuit_tekstur_rusak_1.png,dataset-new/biskuit/non_sellable/biskuit_tekstur_rusak_1.png,dataset-scrape,incoming,Imported from manual incoming batch inventory.
manual_batch_000042,manual,biskuit_non_sellable_batch_01,dataset-scrape,dataset_scrape_manual,manual_batch,biskuit,biskuit_kukis,non_sellable,tidak_layak_jual,batch_01,biskuit_tekstur_rusak_2.png,dataset-new/biskuit/non_sellable/biskuit_tekstur_rusak_2.png,dataset-scrape,incoming,Imported from manual incoming batch inventory.
manual_batch_000043,manual,biskuit_non_sellable_batch_01,dataset-scrape,dataset_scrape_manual,manual_batch,biskuit,biskuit_kukis,non_sellable,tidak_layak_jual,batch_01,biskuit_tekstur_rusak_3.png,dataset-new/biskuit/non_sellable/biskuit_tekstur_rusak_3.png,dataset-scrape,incoming,Imported from manual incoming batch inventory.
manual_batch_000044,manual,biskuit_non_sellable_batch_01,dataset-scrape,dataset_scrape_manual,manual_batch,biskuit,biskuit_kukis,non_sellable,tidak_layak_jual,batch_01,biskuit_tekstur_rusak_4.png,dataset-new/biskuit/non_sellable/biskuit_tekstur_rusak_4.png,dataset-scrape,incoming,Imported from manual incoming batch inventory.
manual_batch_000045,manual,biskuit_non_sellable_batch_01,dataset-scrape,dataset_scrape_manual,manual_batch,biskuit,biskuit_kukis,non_sellable,tidak_layak_jual,batch_01,biskuit_tekstur_rusak_5.png,dataset-new/biskuit/non_sellable/biskuit_tekstur_rusak_5.png,dataset-scrape,incoming,Imported from manual incoming batch inventory.
manual_batch_000046,manual,biskuit_non_sellable_batch_01,dataset-scrape,dataset_scrape_manual,manual_batch,biskuit,biskuit_kukis,non_sellable,tidak_layak_jual,batch_01,biskuit_warna_tidak_normal_1.png,dataset-new/biskuit/non_sellable/biskuit_warna_tidak_normal_1.png,dataset-scrape,incoming,Imported from manual incoming batch inventory.
manual_batch_000047,manual,biskuit_non_sellable_batch_01,dataset-scrape,dataset_scrape_manual,manual_batch,biskuit,biskuit_kukis,non_sellable,tidak_layak_jual,batch_01,biskuit_warna_tidak_normal_2.png,dataset-new/biskuit/non_sellable/biskuit_warna_tidak_normal_2.png,dataset-scrape,incoming,Imported from manual incoming batch inventory.
manual_batch_000048,manual,biskuit_non_sellable_batch_01,dataset-scrape,dataset_scrape_manual,manual_batch,biskuit,biskuit_kukis,non_sellable,tidak_layak_jual,batch_01,biskuit_warna_tidak_normal_3.png,dataset-new/biskuit/non_sellable/biskuit_warna_tidak_normal_3.png,dataset-scrape,incoming,Imported from manual incoming batch inventory.
manual_batch_000049,manual,biskuit_non_sellable_batch_01,dataset-scrape,dataset_scrape_manual,manual_batch,biskuit,biskuit_kukis,non_sellable,tidak_layak_jual,batch_01,biskuit_warna_tidak_normal_4.png,dataset-new/biskuit/non_sellable/biskuit_warna_tidak_normal_4.png,dataset-scrape,incoming,Imported from manual incoming batch inventory.
manual_batch_000050,manual,biskuit_non_sellable_batch_01,dataset-scrape,dataset_scrape_manual,manual_batch,biskuit,biskuit_kukis,non_sellable,tidak_layak_jual,batch_01,biskuit_warna_tidak_normal_5.png,dataset-new/biskuit/non_sellable/biskuit_warna_tidak_normal_5.png,dataset-scrape,incoming,Imported from manual incoming batch inventory.
manual_batch_000051,manual,biskuit_non_sellable_batch_01,dataset-scrape,dataset_scrape_manual,manual_batch,biskuit,biskuit_kukis,non_sellable,tidak_layak_jual,batch_01,pngtree-burned-biscuit-eaten-cracker-overdo-photo-png-image_15503265.png,dataset-new/biskuit/non_sellable/pngtree-burned-biscuit-eaten-cracker-overdo-photo-png-image_15503265.png,dataset-scrape,incoming,Imported from manual incoming batch inventory.
manual_batch_000052,manual,biskuit_sellable_batch_01,dataset-scrape,dataset_scrape_manual,manual_batch,biskuit,biskuit_kukis,sellable,layak_jual,batch_01,1-closeup-view-golden-sandwich-600nw-2703561625.webp,dataset-new/biskuit/sellable/1-closeup-view-golden-sandwich-600nw-2703561625.webp,dataset-scrape,incoming,Imported from manual incoming batch inventory.
manual_batch_000053,manual,biskuit_sellable_batch_01,dataset-scrape,dataset_scrape_manual,manual_batch,biskuit,biskuit_kukis,sellable,layak_jual,batch_01,7150bf1b2a4e7bb0170d778e33628dc7.jpg,dataset-new/biskuit/sellable/7150bf1b2a4e7bb0170d778e33628dc7.jpg,dataset-scrape,incoming,Imported from manual incoming batch inventory.
manual_batch_000054,manual,biskuit_sellable_batch_01,dataset-scrape,dataset_scrape_manual,manual_batch,biskuit,biskuit_kukis,sellable,layak_jual,batch_01,biscuit-texture-closeup-details-isolated-600nw-2684241619.webp,dataset-new/biskuit/sellable/biscuit-texture-closeup-details-isolated-600nw-2684241619.webp,dataset-scrape,incoming,Imported from manual incoming batch inventory.
manual_batch_000055,manual,biskuit_sellable_batch_01,dataset-scrape,dataset_scrape_manual,manual_batch,biskuit,biskuit_kukis,sellable,layak_jual,batch_01,biskuit-es-krim-close-up_23-2148569466.avif,dataset-new/biskuit/sellable/biskuit-es-krim-close-up_23-2148569466.avif,dataset-scrape,incoming,Imported from manual incoming batch inventory.
manual_batch_000056,manual,biskuit_sellable_batch_01,dataset-scrape,dataset_scrape_manual,manual_batch,biskuit,biskuit_kukis,sellable,layak_jual,batch_01,biskuit_1 (1).png,dataset-new/biskuit/sellable/biskuit_1 (1).png,dataset-scrape,incoming,Imported from manual incoming batch inventory.
manual_batch_000057,manual,biskuit_sellable_batch_01,dataset-scrape,dataset_scrape_manual,manual_batch,biskuit,biskuit_kukis,sellable,layak_jual,batch_01,biskuit_1 (2).png,dataset-new/biskuit/sellable/biskuit_1 (2).png,dataset-scrape,incoming,Imported from manual incoming batch inventory.
manual_batch_000058,manual,biskuit_sellable_batch_01,dataset-scrape,dataset_scrape_manual,manual_batch,biskuit,biskuit_kukis,sellable,layak_jual,batch_01,biskuit_1 (3).png,dataset-new/biskuit/sellable/biskuit_1 (3).png,dataset-scrape,incoming,Imported from manual incoming batch inventory.
manual_batch_000059,manual,biskuit_sellable_batch_01,dataset-scrape,dataset_scrape_manual,manual_batch,biskuit,biskuit_kukis,sellable,layak_jual,batch_01,biskuit_1 (4).png,dataset-new/biskuit/sellable/biskuit_1 (4).png,dataset-scrape,incoming,Imported from manual incoming batch inventory.
manual_batch_000060,manual,biskuit_sellable_batch_01,dataset-scrape,dataset_scrape_manual,manual_batch,biskuit,biskuit_kukis,sellable,layak_jual,batch_01,biskuit_1 (5).png,dataset-new/biskuit/sellable/biskuit_1 (5).png,dataset-scrape,incoming,Imported from manual incoming batch inventory.
manual_batch_000061,manual,biskuit_sellable_batch_01,dataset-scrape,dataset_scrape_manual,manual_batch,biskuit,biskuit_kukis,sellable,layak_jual,batch_01,biskuit_1 (6).png,dataset-new/biskuit/sellable/biskuit_1 (6).png,dataset-scrape,incoming,Imported from manual incoming batch inventory.
manual_batch_000062,manual,biskuit_sellable_batch_01,dataset-scrape,dataset_scrape_manual,manual_batch,biskuit,biskuit_kukis,sellable,layak_jual,batch_01,biskuit_1.png,dataset-new/biskuit/sellable/biskuit_1.png,dataset-scrape,incoming,Imported from manual incoming batch inventory.
manual_batch_000063,manual,biskuit_sellable_batch_01,dataset-scrape,dataset_scrape_manual,manual_batch,biskuit,biskuit_kukis,sellable,layak_jual,batch_01,biskuit_2 (1).png,dataset-new/biskuit/sellable/biskuit_2 (1).png,dataset-scrape,incoming,Imported from manual incoming batch inventory.
manual_batch_000064,manual,biskuit_sellable_batch_01,dataset-scrape,dataset_scrape_manual,manual_batch,biskuit,biskuit_kukis,sellable,layak_jual,batch_01,biskuit_2 (2).png,dataset-new/biskuit/sellable/biskuit_2 (2).png,dataset-scrape,incoming,Imported from manual incoming batch inventory.
manual_batch_000065,manual,biskuit_sellable_batch_01,dataset-scrape,dataset_scrape_manual,manual_batch,biskuit,biskuit_kukis,sellable,layak_jual,batch_01,biskuit_2 (3).png,dataset-new/biskuit/sellable/biskuit_2 (3).png,dataset-scrape,incoming,Imported from manual incoming batch inventory.
manual_batch_000066,manual,biskuit_sellable_batch_01,dataset-scrape,dataset_scrape_manual,manual_batch,biskuit,biskuit_kukis,sellable,layak_jual,batch_01,biskuit_2 (4).png,dataset-new/biskuit/sellable/biskuit_2 (4).png,dataset-scrape,incoming,Imported from manual incoming batch inventory.
manual_batch_000067,manual,biskuit_sellable_batch_01,dataset-scrape,dataset_scrape_manual,manual_batch,biskuit,biskuit_kukis,sellable,layak_jual,batch_01,biskuit_2 (5).png,dataset-new/biskuit/sellable/biskuit_2 (5).png,dataset-scrape,incoming,Imported from manual incoming batch inventory.
manual_batch_000068,manual,biskuit_sellable_batch_01,dataset-scrape,dataset_scrape_manual,manual_batch,biskuit,biskuit_kukis,sellable,layak_jual,batch_01,biskuit_2 (6).png,dataset-new/biskuit/sellable/biskuit_2 (6).png,dataset-scrape,incoming,Imported from manual incoming batch inventory.
manual_batch_000069,manual,biskuit_sellable_batch_01,dataset-scrape,dataset_scrape_manual,manual_batch,biskuit,biskuit_kukis,sellable,layak_jual,batch_01,biskuit_2.png,dataset-new/biskuit/sellable/biskuit_2.png,dataset-scrape,incoming,Imported from manual incoming batch inventory.
manual_batch_000070,manual,biskuit_sellable_batch_01,dataset-scrape,dataset_scrape_manual,manual_batch,biskuit,biskuit_kukis,sellable,layak_jual,batch_01,biskuit_3 (1).png,dataset-new/biskuit/sellable/biskuit_3 (1).png,dataset-scrape,incoming,Imported from manual incoming batch inventory.
manual_batch_000071,manual,biskuit_sellable_batch_01,dataset-scrape,dataset_scrape_manual,manual_batch,biskuit,biskuit_kukis,sellable,layak_jual,batch_01,biskuit_3 (2).png,dataset-new/biskuit/sellable/biskuit_3 (2).png,dataset-scrape,incoming,Imported from manual incoming batch inventory.
manual_batch_000072,manual,biskuit_sellable_batch_01,dataset-scrape,dataset_scrape_manual,manual_batch,biskuit,biskuit_kukis,sellable,layak_jual,batch_01,biskuit_3 (3).png,dataset-new/biskuit/sellable/biskuit_3 (3).png,dataset-scrape,incoming,Imported from manual incoming batch inventory.
manual_batch_000073,manual,biskuit_sellable_batch_01,dataset-scrape,dataset_scrape_manual,manual_batch,biskuit,biskuit_kukis,sellable,layak_jual,batch_01,biskuit_3 (4).png,dataset-new/biskuit/sellable/biskuit_3 (4).png,dataset-scrape,incoming,Imported from manual incoming batch inventory.
manual_batch_000074,manual,biskuit_sellable_batch_01,dataset-scrape,dataset_scrape_manual,manual_batch,biskuit,biskuit_kukis,sellable,layak_jual,batch_01,biskuit_3 (5).png,dataset-new/biskuit/sellable/biskuit_3 (5).png,dataset-scrape,incoming,Imported from manual incoming batch inventory.
manual_batch_000075,manual,biskuit_sellable_batch_01,dataset-scrape,dataset_scrape_manual,manual_batch,biskuit,biskuit_kukis,sellable,layak_jual,batch_01,biskuit_3 (6).png,dataset-new/biskuit/sellable/biskuit_3 (6).png,dataset-scrape,incoming,Imported from manual incoming batch inventory.
manual_batch_000076,manual,biskuit_sellable_batch_01,dataset-scrape,dataset_scrape_manual,manual_batch,biskuit,biskuit_kukis,sellable,layak_jual,batch_01,biskuit_3.png,dataset-new/biskuit/sellable/biskuit_3.png,dataset-scrape,incoming,Imported from manual incoming batch inventory.
manual_batch_000077,manual,biskuit_sellable_batch_01,dataset-scrape,dataset_scrape_manual,manual_batch,biskuit,biskuit_kukis,sellable,layak_jual,batch_01,biskuit_4 (1).png,dataset-new/biskuit/sellable/biskuit_4 (1).png,dataset-scrape,incoming,Imported from manual incoming batch inventory.
manual_batch_000078,manual,biskuit_sellable_batch_01,dataset-scrape,dataset_scrape_manual,manual_batch,biskuit,biskuit_kukis,sellable,layak_jual,batch_01,biskuit_4 (2).png,dataset-new/biskuit/sellable/biskuit_4 (2).png,dataset-scrape,incoming,Imported from manual incoming batch inventory.
manual_batch_000079,manual,biskuit_sellable_batch_01,dataset-scrape,dataset_scrape_manual,manual_batch,biskuit,biskuit_kukis,sellable,layak_jual,batch_01,biskuit_4 (3).png,dataset-new/biskuit/sellable/biskuit_4 (3).png,dataset-scrape,incoming,Imported from manual incoming batch inventory.
manual_batch_000080,manual,biskuit_sellable_batch_01,dataset-scrape,dataset_scrape_manual,manual_batch,biskuit,biskuit_kukis,sellable,layak_jual,batch_01,biskuit_4 (4).png,dataset-new/biskuit/sellable/biskuit_4 (4).png,dataset-scrape,incoming,Imported from manual incoming batch inventory.
manual_batch_000081,manual,biskuit_sellable_batch_01,dataset-scrape,dataset_scrape_manual,manual_batch,biskuit,biskuit_kukis,sellable,layak_jual,batch_01,biskuit_4 (5).png,dataset-new/biskuit/sellable/biskuit_4 (5).png,dataset-scrape,incoming,Imported from manual incoming batch inventory.
manual_batch_000082,manual,biskuit_sellable_batch_01,dataset-scrape,dataset_scrape_manual,manual_batch,biskuit,biskuit_kukis,sellable,layak_jual,batch_01,biskuit_4 (6).png,dataset-new/biskuit/sellable/biskuit_4 (6).png,dataset-scrape,incoming,Imported from manual incoming batch inventory.
manual_batch_000083,manual,biskuit_sellable_batch_01,dataset-scrape,dataset_scrape_manual,manual_batch,biskuit,biskuit_kukis,sellable,layak_jual,batch_01,biskuit_4.png,dataset-new/biskuit/sellable/biskuit_4.png,dataset-scrape,incoming,Imported from manual incoming batch inventory.
manual_batch_000084,manual,biskuit_sellable_batch_01,dataset-scrape,dataset_scrape_manual,manual_batch,biskuit,biskuit_kukis,sellable,layak_jual,batch_01,biskuit_5 (1).png,dataset-new/biskuit/sellable/biskuit_5 (1).png,dataset-scrape,incoming,Imported from manual incoming batch inventory.
manual_batch_000085,manual,biskuit_sellable_batch_01,dataset-scrape,dataset_scrape_manual,manual_batch,biskuit,biskuit_kukis,sellable,layak_jual,batch_01,biskuit_5 (2).png,dataset-new/biskuit/sellable/biskuit_5 (2).png,dataset-scrape,incoming,Imported from manual incoming batch inventory.
manual_batch_000086,manual,biskuit_sellable_batch_01,dataset-scrape,dataset_scrape_manual,manual_batch,biskuit,biskuit_kukis,sellable,layak_jual,batch_01,biskuit_5 (3).png,dataset-new/biskuit/sellable/biskuit_5 (3).png,dataset-scrape,incoming,Imported from manual incoming batch inventory.
manual_batch_000087,manual,biskuit_sellable_batch_01,dataset-scrape,dataset_scrape_manual,manual_batch,biskuit,biskuit_kukis,sellable,layak_jual,batch_01,biskuit_5 (4).png,dataset-new/biskuit/sellable/biskuit_5 (4).png,dataset-scrape,incoming,Imported from manual incoming batch inventory.
manual_batch_000088,manual,biskuit_sellable_batch_01,dataset-scrape,dataset_scrape_manual,manual_batch,biskuit,biskuit_kukis,sellable,layak_jual,batch_01,biskuit_5 (5).png,dataset-new/biskuit/sellable/biskuit_5 (5).png,dataset-scrape,incoming,Imported from manual incoming batch inventory.
manual_batch_000089,manual,biskuit_sellable_batch_01,dataset-scrape,dataset_scrape_manual,manual_batch,biskuit,biskuit_kukis,sellable,layak_jual,batch_01,biskuit_5 (6).png,dataset-new/biskuit/sellable/biskuit_5 (6).png,dataset-scrape,incoming,Imported from manual incoming batch inventory.
manual_batch_000090,manual,biskuit_sellable_batch_01,dataset-scrape,dataset_scrape_manual,manual_batch,biskuit,biskuit_kukis,sellable,layak_jual,batch_01,biskuit_5.png,dataset-new/biskuit/sellable/biskuit_5.png,dataset-scrape,incoming,Imported from manual incoming batch inventory.
manual_batch_000091,manual,biskuit_sellable_batch_01,dataset-scrape,dataset_scrape_manual,manual_batch,biskuit,biskuit_kukis,sellable,layak_jual,batch_01,choc-ripple-biscuits-219615-1.jpg,dataset-new/biskuit/sellable/choc-ripple-biscuits-219615-1.jpg,dataset-scrape,incoming,Imported from manual incoming batch inventory.
manual_batch_000092,manual,biskuit_sellable_batch_01,dataset-scrape,dataset_scrape_manual,manual_batch,biskuit,biskuit_kukis,sellable,layak_jual,batch_01,close-up-angled-shot-delicious-biskuit-gambang-shiny-golden-brown-texture-culinary-enthusiasts-baking-capture-429108089.webp,dataset-new/biskuit/sellable/close-up-angled-shot-delicious-biskuit-gambang-shiny-golden-brown-texture-culinary-enthusiasts-baking-capture-429108089.webp,dataset-scrape,incoming,Imported from manual incoming batch inventory.
manual_batch_000093,manual,biskuit_sellable_batch_01,dataset-scrape,dataset_scrape_manual,manual_batch,biskuit,biskuit_kukis,sellable,layak_jual,batch_01,closeup-goldenbrown-salty-crackers-visible-260nw-2691827267.webp,dataset-new/biskuit/sellable/closeup-goldenbrown-salty-crackers-visible-260nw-2691827267.webp,dataset-scrape,incoming,Imported from manual incoming batch inventory.
manual_batch_000094,manual,biskuit_sellable_batch_01,dataset-scrape,dataset_scrape_manual,manual_batch,biskuit,biskuit_kukis,sellable,layak_jual,batch_01,closeup-sweet-rectangular-biscuits-crossshaped-260nw-2726527691.webp,dataset-new/biskuit/sellable/closeup-sweet-rectangular-biscuits-crossshaped-260nw-2726527691.webp,dataset-scrape,incoming,Imported from manual incoming batch inventory.
manual_batch_000095,manual,biskuit_sellable_batch_01,dataset-scrape,dataset_scrape_manual,manual_batch,biskuit,biskuit_kukis,sellable,layak_jual,batch_01,free-photo-of-close-up-biskuit-marie-yang-ditumpuk-bersama.jpeg,dataset-new/biskuit/sellable/free-photo-of-close-up-biskuit-marie-yang-ditumpuk-bersama.jpeg,dataset-scrape,incoming,Imported from manual incoming batch inventory.
manual_batch_000096,manual,biskuit_sellable_batch_01,dataset-scrape,dataset_scrape_manual,manual_batch,biskuit,biskuit_kukis,sellable,layak_jual,batch_01,graham-crackers.webp,dataset-new/biskuit/sellable/graham-crackers.webp,dataset-scrape,incoming,Imported from manual incoming batch inventory.
manual_batch_000097,manual,biskuit_sellable_batch_01,dataset-scrape,dataset_scrape_manual,manual_batch,biskuit,biskuit_kukis,sellable,layak_jual,batch_01,id-11134207-7ra0p-mcpxx3ib4e3n69.jpeg,dataset-new/biskuit/sellable/id-11134207-7ra0p-mcpxx3ib4e3n69.jpeg,dataset-scrape,incoming,Imported from manual incoming batch inventory.
manual_batch_000098,manual,biskuit_sellable_batch_01,dataset-scrape,dataset_scrape_manual,manual_batch,biskuit,biskuit_kukis,sellable,layak_jual,batch_01,images (1).jpeg,dataset-new/biskuit/sellable/images (1).jpeg,dataset-scrape,incoming,Imported from manual incoming batch inventory.
manual_batch_000099,manual,biskuit_sellable_batch_01,dataset-scrape,dataset_scrape_manual,manual_batch,biskuit,biskuit_kukis,sellable,layak_jual,batch_01,images.jpeg,dataset-new/biskuit/sellable/images.jpeg,dataset-scrape,incoming,Imported from manual incoming batch inventory.
manual_batch_000100,manual,biskuit_sellable_batch_01,dataset-scrape,dataset_scrape_manual,manual_batch,biskuit,biskuit_kukis,sellable,layak_jual,batch_01,pexels-abhishek1199-5511230.jpg,dataset-new/biskuit/sellable/pexels-abhishek1199-5511230.jpg,dataset-scrape,incoming,Imported from manual incoming batch inventory.
manual_batch_000101,manual,biskuit_sellable_batch_01,dataset-scrape,dataset_scrape_manual,manual_batch,biskuit,biskuit_kukis,sellable,layak_jual,batch_01,pexels-brigitte-tohm-36757-189536.jpg,dataset-new/biskuit/sellable/pexels-brigitte-tohm-36757-189536.jpg,dataset-scrape,incoming,Imported from manual incoming batch inventory.
manual_batch_000102,manual,biskuit_sellable_batch_01,dataset-scrape,dataset_scrape_manual,manual_batch,biskuit,biskuit_kukis,sellable,layak_jual,batch_01,pexels-eva-bronzini-6103122.jpg,dataset-new/biskuit/sellable/pexels-eva-bronzini-6103122.jpg,dataset-scrape,incoming,Imported from manual incoming batch inventory.
manual_batch_000103,manual,biskuit_sellable_batch_01,dataset-scrape,dataset_scrape_manual,manual_batch,biskuit,biskuit_kukis,sellable,layak_jual,batch_01,pexels-food-story-2160949082-37108654.jpg,dataset-new/biskuit/sellable/pexels-food-story-2160949082-37108654.jpg,dataset-scrape,incoming,Imported from manual incoming batch inventory.
manual_batch_000104,manual,biskuit_sellable_batch_01,dataset-scrape,dataset_scrape_manual,manual_batch,biskuit,biskuit_kukis,sellable,layak_jual,batch_01,pexels-gilbert-sthormes-718215306-28722148.jpg,dataset-new/biskuit/sellable/pexels-gilbert-sthormes-718215306-28722148.jpg,dataset-scrape,incoming,Imported from manual incoming batch inventory.
manual_batch_000105,manual,biskuit_sellable_batch_01,dataset-scrape,dataset_scrape_manual,manual_batch,biskuit,biskuit_kukis,sellable,layak_jual,batch_01,tekstur-makanan-bergizi-close-up_23-2148964854.avif,dataset-new/biskuit/sellable/tekstur-makanan-bergizi-close-up_23-2148964854.avif,dataset-scrape,incoming,Imported from manual incoming batch inventory.
manual_batch_000106,manual,biskuit_sellable_batch_01,dataset-scrape,dataset_scrape_manual,manual_batch,biskuit,biskuit_kukis,sellable,layak_jual,batch_01,wafer-biscuit-closeup-isolated-on-260nw-2590640821.webp,dataset-new/biskuit/sellable/wafer-biscuit-closeup-isolated-on-260nw-2590640821.webp,dataset-scrape,incoming,Imported from manual incoming batch inventory.
manual_batch_000107,manual,keripik_non_sellable_batch_01,dataset-scrape,dataset_scrape_manual,manual_batch,keripik,keripik,non_sellable,tidak_layak_jual,batch_01,01_keripik_kentang_gosong.png,dataset-new/keripik/non_sellable/01_keripik_kentang_gosong.png,dataset-scrape,incoming,Imported from manual incoming batch inventory.
manual_batch_000108,manual,keripik_non_sellable_batch_01,dataset-scrape,dataset_scrape_manual,manual_batch,keripik,keripik,non_sellable,tidak_layak_jual,batch_01,02_keripik_singkong_bercak.png,dataset-new/keripik/non_sellable/02_keripik_singkong_bercak.png,dataset-scrape,incoming,Imported from manual incoming batch inventory.
manual_batch_000109,manual,keripik_non_sellable_batch_01,dataset-scrape,dataset_scrape_manual,manual_batch,keripik,keripik,non_sellable,tidak_layak_jual,batch_01,03_keripik_pisang_bercak.png,dataset-new/keripik/non_sellable/03_keripik_pisang_bercak.png,dataset-scrape,incoming,Imported from manual incoming batch inventory.
manual_batch_000110,manual,keripik_non_sellable_batch_01,dataset-scrape,dataset_scrape_manual,manual_batch,keripik,keripik,non_sellable,tidak_layak_jual,batch_01,04_keripik_tempe_gosong.png,dataset-new/keripik/non_sellable/04_keripik_tempe_gosong.png,dataset-scrape,incoming,Imported from manual incoming batch inventory.
manual_batch_000111,manual,keripik_non_sellable_batch_01,dataset-scrape,dataset_scrape_manual,manual_batch,keripik,keripik,non_sellable,tidak_layak_jual,batch_01,05_keripik_talas_jamur.png,dataset-new/keripik/non_sellable/05_keripik_talas_jamur.png,dataset-scrape,incoming,Imported from manual incoming batch inventory.
manual_batch_000112,manual,keripik_non_sellable_batch_01,dataset-scrape,dataset_scrape_manual,manual_batch,keripik,keripik,non_sellable,tidak_layak_jual,batch_01,06_keripik_ubi_hancur.png,dataset-new/keripik/non_sellable/06_keripik_ubi_hancur.png,dataset-scrape,incoming,Imported from manual incoming batch inventory.
manual_batch_000113,manual,keripik_non_sellable_batch_01,dataset-scrape,dataset_scrape_manual,manual_batch,keripik,keripik,non_sellable,tidak_layak_jual,batch_01,07_keripik_jagung_jamur.png,dataset-new/keripik/non_sellable/07_keripik_jagung_jamur.png,dataset-scrape,incoming,Imported from manual incoming batch inventory.
manual_batch_000114,manual,keripik_non_sellable_batch_01,dataset-scrape,dataset_scrape_manual,manual_batch,keripik,keripik,non_sellable,tidak_layak_jual,batch_01,17251279-close-up-image-of-a-broken-potato-chip-cut-into-pieces-against-the-white-background.jpg,dataset-new/keripik/non_sellable/17251279-close-up-image-of-a-broken-potato-chip-cut-into-pieces-against-the-white-background.jpg,dataset-scrape,incoming,Imported from manual incoming batch inventory.
manual_batch_000115,manual,keripik_non_sellable_batch_01,dataset-scrape,dataset_scrape_manual,manual_batch,keripik,keripik,non_sellable,tidak_layak_jual,batch_01,1_keripik_kentang_gosong (1).png,dataset-new/keripik/non_sellable/1_keripik_kentang_gosong (1).png,dataset-scrape,incoming,Imported from manual incoming batch inventory.
manual_batch_000116,manual,keripik_non_sellable_batch_01,dataset-scrape,dataset_scrape_manual,manual_batch,keripik,keripik,non_sellable,tidak_layak_jual,batch_01,1_keripik_kentang_gosong.png,dataset-new/keripik/non_sellable/1_keripik_kentang_gosong.png,dataset-scrape,incoming,Imported from manual incoming batch inventory.
manual_batch_000117,manual,keripik_non_sellable_batch_01,dataset-scrape,dataset_scrape_manual,manual_batch,keripik,keripik,non_sellable,tidak_layak_jual,batch_01,2_keripik_singkong_bercak.png,dataset-new/keripik/non_sellable/2_keripik_singkong_bercak.png,dataset-scrape,incoming,Imported from manual incoming batch inventory.
manual_batch_000118,manual,keripik_non_sellable_batch_01,dataset-scrape,dataset_scrape_manual,manual_batch,keripik,keripik,non_sellable,tidak_layak_jual,batch_01,2_keripik_singkong_gosong.png,dataset-new/keripik/non_sellable/2_keripik_singkong_gosong.png,dataset-scrape,incoming,Imported from manual incoming batch inventory.
manual_batch_000119,manual,keripik_non_sellable_batch_01,dataset-scrape,dataset_scrape_manual,manual_batch,keripik,keripik,non_sellable,tidak_layak_jual,batch_01,3305455825_a8809c364a_b.jpg,dataset-new/keripik/non_sellable/3305455825_a8809c364a_b.jpg,dataset-scrape,incoming,Imported from manual incoming batch inventory.
manual_batch_000120,manual,keripik_non_sellable_batch_01,dataset-scrape,dataset_scrape_manual,manual_batch,keripik,keripik,non_sellable,tidak_layak_jual,batch_01,3_keripik_pisang_bercak (1).png,dataset-new/keripik/non_sellable/3_keripik_pisang_bercak (1).png,dataset-scrape,incoming,Imported from manual incoming batch inventory.
manual_batch_000121,manual,keripik_non_sellable_batch_01,dataset-scrape,dataset_scrape_manual,manual_batch,keripik,keripik,non_sellable,tidak_layak_jual,batch_01,3_keripik_pisang_bercak.png,dataset-new/keripik/non_sellable/3_keripik_pisang_bercak.png,dataset-scrape,incoming,Imported from manual incoming batch inventory.
manual_batch_000122,manual,keripik_non_sellable_batch_01,dataset-scrape,dataset_scrape_manual,manual_batch,keripik,keripik,non_sellable,tidak_layak_jual,batch_01,4_keripik_tempe_bercak.png,dataset-new/keripik/non_sellable/4_keripik_tempe_bercak.png,dataset-scrape,incoming,Imported from manual incoming batch inventory.
manual_batch_000123,manual,keripik_non_sellable_batch_01,dataset-scrape,dataset_scrape_manual,manual_batch,keripik,keripik,non_sellable,tidak_layak_jual,batch_01,4_keripik_tempe_gosong.png,dataset-new/keripik/non_sellable/4_keripik_tempe_gosong.png,dataset-scrape,incoming,Imported from manual incoming batch inventory.
manual_batch_000124,manual,keripik_non_sellable_batch_01,dataset-scrape,dataset_scrape_manual,manual_batch,keripik,keripik,non_sellable,tidak_layak_jual,batch_01,5_keripik_talas_bercak.png,dataset-new/keripik/non_sellable/5_keripik_talas_bercak.png,dataset-scrape,incoming,Imported from manual incoming batch inventory.
manual_batch_000125,manual,keripik_non_sellable_batch_01,dataset-scrape,dataset_scrape_manual,manual_batch,keripik,keripik,non_sellable,tidak_layak_jual,batch_01,5_keripik_talas_jamur.png,dataset-new/keripik/non_sellable/5_keripik_talas_jamur.png,dataset-scrape,incoming,Imported from manual incoming batch inventory.
manual_batch_000126,manual,keripik_non_sellable_batch_01,dataset-scrape,dataset_scrape_manual,manual_batch,keripik,keripik,non_sellable,tidak_layak_jual,batch_01,6_keripik_ubi_hancur (1).png,dataset-new/keripik/non_sellable/6_keripik_ubi_hancur (1).png,dataset-scrape,incoming,Imported from manual incoming batch inventory.
manual_batch_000127,manual,keripik_non_sellable_batch_01,dataset-scrape,dataset_scrape_manual,manual_batch,keripik,keripik,non_sellable,tidak_layak_jual,batch_01,6_keripik_ubi_hancur.png,dataset-new/keripik/non_sellable/6_keripik_ubi_hancur.png,dataset-scrape,incoming,Imported from manual incoming batch inventory.
manual_batch_000128,manual,keripik_non_sellable_batch_01,dataset-scrape,dataset_scrape_manual,manual_batch,keripik,keripik,non_sellable,tidak_layak_jual,batch_01,7_keripik_jagung_jamur (1).png,dataset-new/keripik/non_sellable/7_keripik_jagung_jamur (1).png,dataset-scrape,incoming,Imported from manual incoming batch inventory.
manual_batch_000129,manual,keripik_non_sellable_batch_01,dataset-scrape,dataset_scrape_manual,manual_batch,keripik,keripik,non_sellable,tidak_layak_jual,batch_01,7_keripik_jagung_jamur.png,dataset-new/keripik/non_sellable/7_keripik_jagung_jamur.png,dataset-scrape,incoming,Imported from manual incoming batch inventory.
manual_batch_000130,manual,keripik_non_sellable_batch_01,dataset-scrape,dataset_scrape_manual,manual_batch,keripik,keripik,non_sellable,tidak_layak_jual,batch_01,86wqad.webp,dataset-new/keripik/non_sellable/86wqad.webp,dataset-scrape,incoming,Imported from manual incoming batch inventory.
manual_batch_000131,manual,keripik_non_sellable_batch_01,dataset-scrape,dataset_scrape_manual,manual_batch,keripik,keripik,non_sellable,tidak_layak_jual,batch_01,"ChatGPT Image May 26, 2026, 07_45_49 PM.png","dataset-new/keripik/non_sellable/ChatGPT Image May 26, 2026, 07_45_49 PM.png",dataset-scrape,incoming,Imported from manual incoming batch inventory.
manual_batch_000132,manual,keripik_non_sellable_batch_01,dataset-scrape,dataset_scrape_manual,manual_batch,keripik,keripik,non_sellable,tidak_layak_jual,batch_01,"ChatGPT Image May 26, 2026, 08_14_27 PM.png","dataset-new/keripik/non_sellable/ChatGPT Image May 26, 2026, 08_14_27 PM.png",dataset-scrape,incoming,Imported from manual incoming batch inventory.
manual_batch_000133,manual,keripik_non_sellable_batch_01,dataset-scrape,dataset_scrape_manual,manual_batch,keripik,keripik,non_sellable,tidak_layak_jual,batch_01,"ChatGPT Image May 26, 2026, 08_18_20 PM.png","dataset-new/keripik/non_sellable/ChatGPT Image May 26, 2026, 08_18_20 PM.png",dataset-scrape,incoming,Imported from manual incoming batch inventory.
manual_batch_000134,manual,keripik_non_sellable_batch_01,dataset-scrape,dataset_scrape_manual,manual_batch,keripik,keripik,non_sellable,tidak_layak_jual,batch_01,"ChatGPT Image May 26, 2026, 08_55_43 PM.png","dataset-new/keripik/non_sellable/ChatGPT Image May 26, 2026, 08_55_43 PM.png",dataset-scrape,incoming,Imported from manual incoming batch inventory.
manual_batch_000135,manual,keripik_non_sellable_batch_01,dataset-scrape,dataset_scrape_manual,manual_batch,keripik,keripik,non_sellable,tidak_layak_jual,batch_01,"ChatGPT Image May 26, 2026, 08_57_34 PM.png","dataset-new/keripik/non_sellable/ChatGPT Image May 26, 2026, 08_57_34 PM.png",dataset-scrape,incoming,Imported from manual incoming batch inventory.
manual_batch_000136,manual,keripik_non_sellable_batch_01,dataset-scrape,dataset_scrape_manual,manual_batch,keripik,keripik,non_sellable,tidak_layak_jual,batch_01,"ChatGPT Image May 26, 2026, 09_39_25 PM.png","dataset-new/keripik/non_sellable/ChatGPT Image May 26, 2026, 09_39_25 PM.png",dataset-scrape,incoming,Imported from manual incoming batch inventory.
manual_batch_000137,manual,keripik_non_sellable_batch_01,dataset-scrape,dataset_scrape_manual,manual_batch,keripik,keripik,non_sellable,tidak_layak_jual,batch_01,"ChatGPT Image May 26, 2026, 09_45_07 PM.png","dataset-new/keripik/non_sellable/ChatGPT Image May 26, 2026, 09_45_07 PM.png",dataset-scrape,incoming,Imported from manual incoming batch inventory.
manual_batch_000138,manual,keripik_non_sellable_batch_01,dataset-scrape,dataset_scrape_manual,manual_batch,keripik,keripik,non_sellable,tidak_layak_jual,batch_01,"ChatGPT Image May 26, 2026, 09_48_32 PM.png","dataset-new/keripik/non_sellable/ChatGPT Image May 26, 2026, 09_48_32 PM.png",dataset-scrape,incoming,Imported from manual incoming batch inventory.
manual_batch_000139,manual,keripik_non_sellable_batch_01,dataset-scrape,dataset_scrape_manual,manual_batch,keripik,keripik,non_sellable,tidak_layak_jual,batch_01,IMG_20210319_020237.jpg,dataset-new/keripik/non_sellable/IMG_20210319_020237.jpg,dataset-scrape,incoming,Imported from manual incoming batch inventory.
manual_batch_000140,manual,keripik_non_sellable_batch_01,dataset-scrape,dataset_scrape_manual,manual_batch,keripik,keripik,non_sellable,tidak_layak_jual,batch_01,IMG_20210319_020330.jpg,dataset-new/keripik/non_sellable/IMG_20210319_020330.jpg,dataset-scrape,incoming,Imported from manual incoming batch inventory.
manual_batch_000141,manual,keripik_non_sellable_batch_01,dataset-scrape,dataset_scrape_manual,manual_batch,keripik,keripik,non_sellable,tidak_layak_jual,batch_01,IMG_20260505_183711 - Muhammad Naufal Nazya Azzharif.jpg,dataset-new/keripik/non_sellable/IMG_20260505_183711 - Muhammad Naufal Nazya Azzharif.jpg,dataset-scrape,incoming,Imported from manual incoming batch inventory.
manual_batch_000142,manual,keripik_non_sellable_batch_01,dataset-scrape,dataset_scrape_manual,manual_batch,keripik,keripik,non_sellable,tidak_layak_jual,batch_01,broken-potato-chips-isolated-on-260nw-1484415920.webp,dataset-new/keripik/non_sellable/broken-potato-chips-isolated-on-260nw-1484415920.webp,dataset-scrape,incoming,Imported from manual incoming batch inventory.
manual_batch_000143,manual,keripik_non_sellable_batch_01,dataset-scrape,dataset_scrape_manual,manual_batch,keripik,keripik,non_sellable,tidak_layak_jual,batch_01,broken-potato-chips-isolated-on-260nw-2516933079.webp,dataset-new/keripik/non_sellable/broken-potato-chips-isolated-on-260nw-2516933079.webp,dataset-scrape,incoming,Imported from manual incoming batch inventory.
manual_batch_000144,manual,keripik_non_sellable_batch_01,dataset-scrape,dataset_scrape_manual,manual_batch,keripik,keripik,non_sellable,tidak_layak_jual,batch_01,broken-potato-chips-isolated-on-white-background-high-resolution-photo-full-depth-of-field-2BWE8AG.jpg,dataset-new/keripik/non_sellable/broken-potato-chips-isolated-on-white-background-high-resolution-photo-full-depth-of-field-2BWE8AG.jpg,dataset-scrape,incoming,Imported from manual incoming batch inventory.
manual_batch_000145,manual,keripik_non_sellable_batch_01,dataset-scrape,dataset_scrape_manual,manual_batch,keripik,keripik,non_sellable,tidak_layak_jual,batch_01,burned-potato-chips.jpg,dataset-new/keripik/non_sellable/burned-potato-chips.jpg,dataset-scrape,incoming,Imported from manual incoming batch inventory.
manual_batch_000146,manual,keripik_non_sellable_batch_01,dataset-scrape,dataset_scrape_manual,manual_batch,keripik,keripik,non_sellable,tidak_layak_jual,batch_01,burnt-chips.webp,dataset-new/keripik/non_sellable/burnt-chips.webp,dataset-scrape,incoming,Imported from manual incoming batch inventory.
manual_batch_000147,manual,keripik_non_sellable_batch_01,dataset-scrape,dataset_scrape_manual,manual_batch,keripik,keripik,non_sellable,tidak_layak_jual,batch_01,cracked-broken-potato-chips-crumbs-600nw-2274832869.webp,dataset-new/keripik/non_sellable/cracked-broken-potato-chips-crumbs-600nw-2274832869.webp,dataset-scrape,incoming,Imported from manual incoming batch inventory.
manual_batch_000148,manual,keripik_non_sellable_batch_01,dataset-scrape,dataset_scrape_manual,manual_batch,keripik,keripik,non_sellable,tidak_layak_jual,batch_01,img_3798.jpg,dataset-new/keripik/non_sellable/img_3798.jpg,dataset-scrape,incoming,Imported from manual incoming batch inventory.
manual_batch_000149,manual,keripik_non_sellable_batch_01,dataset-scrape,dataset_scrape_manual,manual_batch,keripik,keripik,non_sellable,tidak_layak_jual,batch_01,isolated-one-burnt-potato-chips-600nw-2774678715.webp,dataset-new/keripik/non_sellable/isolated-one-burnt-potato-chips-600nw-2774678715.webp,dataset-scrape,incoming,Imported from manual incoming batch inventory.
manual_batch_000150,manual,keripik_non_sellable_batch_01,dataset-scrape,dataset_scrape_manual,manual_batch,keripik,keripik,non_sellable,tidak_layak_jual,batch_01,keripik_2.png,dataset-new/keripik/non_sellable/keripik_2.png,dataset-scrape,incoming,Imported from manual incoming batch inventory.
manual_batch_000151,manual,keripik_non_sellable_batch_01,dataset-scrape,dataset_scrape_manual,manual_batch,keripik,keripik,non_sellable,tidak_layak_jual,batch_01,keripik_3.png,dataset-new/keripik/non_sellable/keripik_3.png,dataset-scrape,incoming,Imported from manual incoming batch inventory.
manual_batch_000152,manual,keripik_non_sellable_batch_01,dataset-scrape,dataset_scrape_manual,manual_batch,keripik,keripik,non_sellable,tidak_layak_jual,batch_01,keripik_4.png,dataset-new/keripik/non_sellable/keripik_4.png,dataset-scrape,incoming,Imported from manual incoming batch inventory.
manual_batch_000153,manual,keripik_non_sellable_batch_01,dataset-scrape,dataset_scrape_manual,manual_batch,keripik,keripik,non_sellable,tidak_layak_jual,batch_01,keripik_5.png,dataset-new/keripik/non_sellable/keripik_5.png,dataset-scrape,incoming,Imported from manual incoming batch inventory.
manual_batch_000154,manual,keripik_non_sellable_batch_01,dataset-scrape,dataset_scrape_manual,manual_batch,keripik,keripik,non_sellable,tidak_layak_jual,batch_01,keripik_6.png,dataset-new/keripik/non_sellable/keripik_6.png,dataset-scrape,incoming,Imported from manual incoming batch inventory.
manual_batch_000155,manual,keripik_non_sellable_batch_01,dataset-scrape,dataset_scrape_manual,manual_batch,keripik,keripik,non_sellable,tidak_layak_jual,batch_01,keripik_7.png,dataset-new/keripik/non_sellable/keripik_7.png,dataset-scrape,incoming,Imported from manual incoming batch inventory.
manual_batch_000156,manual,keripik_non_sellable_batch_01,dataset-scrape,dataset_scrape_manual,manual_batch,keripik,keripik,non_sellable,tidak_layak_jual,batch_01,rufflessnack-box-was-full-of-burnt-and-rotten-chips-1_350x350.jpg,dataset-new/keripik/non_sellable/rufflessnack-box-was-full-of-burnt-and-rotten-chips-1_350x350.jpg,dataset-scrape,incoming,Imported from manual incoming batch inventory.
manual_batch_000157,manual,keripik_sellable_batch_01,dataset-scrape,dataset_scrape_manual,manual_batch,keripik,keripik,sellable,layak_jual,batch_01,49bb93797610085778c28d83e4649185142fa459bc09e62dd77cef9bdc2770e9.jpg,dataset-new/keripik/sellable/49bb93797610085778c28d83e4649185142fa459bc09e62dd77cef9bdc2770e9.jpg,dataset-scrape,incoming,Imported from manual incoming batch inventory.
manual_batch_000158,manual,keripik_sellable_batch_01,dataset-scrape,dataset_scrape_manual,manual_batch,keripik,keripik,sellable,layak_jual,batch_01,79452235-yellow-salted-potato-chips-as-background-closeup-chips-texture-studio-photo (1).jpg,dataset-new/keripik/sellable/79452235-yellow-salted-potato-chips-as-background-closeup-chips-texture-studio-photo (1).jpg,dataset-scrape,incoming,Imported from manual incoming batch inventory.
manual_batch_000159,manual,keripik_sellable_batch_01,dataset-scrape,dataset_scrape_manual,manual_batch,keripik,keripik,sellable,layak_jual,batch_01,79452235-yellow-salted-potato-chips-as-background-closeup-chips-texture-studio-photo.jpg,dataset-new/keripik/sellable/79452235-yellow-salted-potato-chips-as-background-closeup-chips-texture-studio-photo.jpg,dataset-scrape,incoming,Imported from manual incoming batch inventory.
manual_batch_000160,manual,keripik_sellable_batch_01,dataset-scrape,dataset_scrape_manual,manual_batch,keripik,keripik,sellable,layak_jual,batch_01,IMG_20210319_003618.jpg,dataset-new/keripik/sellable/IMG_20210319_003618.jpg,dataset-scrape,incoming,Imported from manual incoming batch inventory.
manual_batch_000161,manual,keripik_sellable_batch_01,dataset-scrape,dataset_scrape_manual,manual_batch,keripik,keripik,sellable,layak_jual,batch_01,IMG_20210319_004307.jpg,dataset-new/keripik/sellable/IMG_20210319_004307.jpg,dataset-scrape,incoming,Imported from manual incoming batch inventory.
manual_batch_000162,manual,keripik_sellable_batch_01,dataset-scrape,dataset_scrape_manual,manual_batch,keripik,keripik,sellable,layak_jual,batch_01,chips-close-up-crisp-crispy-thumbnail.jpg,dataset-new/keripik/sellable/chips-close-up-crisp-crispy-thumbnail.jpg,dataset-scrape,incoming,Imported from manual incoming batch inventory.
manual_batch_000163,manual,keripik_sellable_batch_01,dataset-scrape,dataset_scrape_manual,manual_batch,keripik,keripik,sellable,layak_jual,batch_01,close-up-potato-chips-photo.jpg,dataset-new/keripik/sellable/close-up-potato-chips-photo.jpg,dataset-scrape,incoming,Imported from manual incoming batch inventory.
manual_batch_000164,manual,keripik_sellable_batch_01,dataset-scrape,dataset_scrape_manual,manual_batch,keripik,keripik,sellable,layak_jual,batch_01,closeup-crispy-cassava-chips-kripik-600w-2688363697.webp,dataset-new/keripik/sellable/closeup-crispy-cassava-chips-kripik-600w-2688363697.webp,dataset-scrape,incoming,Imported from manual incoming batch inventory.
manual_batch_000165,manual,keripik_sellable_batch_01,dataset-scrape,dataset_scrape_manual,manual_batch,keripik,keripik,sellable,layak_jual,batch_01,closeup-crispy-potato-chips-inside-260nw-2689374699.webp,dataset-new/keripik/sellable/closeup-crispy-potato-chips-inside-260nw-2689374699.webp,dataset-scrape,incoming,Imported from manual incoming batch inventory.
manual_batch_000166,manual,keripik_sellable_batch_01,dataset-scrape,dataset_scrape_manual,manual_batch,keripik,keripik,sellable,layak_jual,batch_01,closeup-seasoned-wavy-potato-chips-260nw-2697855447.webp,dataset-new/keripik/sellable/closeup-seasoned-wavy-potato-chips-260nw-2697855447.webp,dataset-scrape,incoming,Imported from manual incoming batch inventory.
manual_batch_000167,manual,keripik_sellable_batch_01,dataset-scrape,dataset_scrape_manual,manual_batch,keripik,keripik,sellable,layak_jual,batch_01,crispy-potato-chips-snack-texture-background-top-view-136939116.webp,dataset-new/keripik/sellable/crispy-potato-chips-snack-texture-background-top-view-136939116.webp,dataset-scrape,incoming,Imported from manual incoming batch inventory.
manual_batch_000168,manual,keripik_sellable_batch_01,dataset-scrape,dataset_scrape_manual,manual_batch,keripik,keripik,sellable,layak_jual,batch_01,istockphoto-1414825955-612x612.jpg,dataset-new/keripik/sellable/istockphoto-1414825955-612x612.jpg,dataset-scrape,incoming,Imported from manual incoming batch inventory.
manual_batch_000169,manual,keripik_sellable_batch_01,dataset-scrape,dataset_scrape_manual,manual_batch,keripik,keripik,sellable,layak_jual,batch_01,istockphoto-1478806453-1024x1024.jpg,dataset-new/keripik/sellable/istockphoto-1478806453-1024x1024.jpg,dataset-scrape,incoming,Imported from manual incoming batch inventory.
manual_batch_000170,manual,keripik_sellable_batch_01,dataset-scrape,dataset_scrape_manual,manual_batch,keripik,keripik,sellable,layak_jual,batch_01,istockphoto-979665136-170667a.jpg,dataset-new/keripik/sellable/istockphoto-979665136-170667a.jpg,dataset-scrape,incoming,Imported from manual incoming batch inventory.
manual_batch_000171,manual,keripik_sellable_batch_01,dataset-scrape,dataset_scrape_manual,manual_batch,keripik,keripik,sellable,layak_jual,batch_01,keripik-kentang-close-up-pada-latar-belakang-putih-terisolasi_179068-8403.avif,dataset-new/keripik/sellable/keripik-kentang-close-up-pada-latar-belakang-putih-terisolasi_179068-8403.avif,dataset-scrape,incoming,Imported from manual incoming batch inventory.
manual_batch_000172,manual,keripik_sellable_batch_01,dataset-scrape,dataset_scrape_manual,manual_batch,keripik,keripik,sellable,layak_jual,batch_01,keripik_1 (1).png,dataset-new/keripik/sellable/keripik_1 (1).png,dataset-scrape,incoming,Imported from manual incoming batch inventory.
manual_batch_000173,manual,keripik_sellable_batch_01,dataset-scrape,dataset_scrape_manual,manual_batch,keripik,keripik,sellable,layak_jual,batch_01,keripik_1 (2).png,dataset-new/keripik/sellable/keripik_1 (2).png,dataset-scrape,incoming,Imported from manual incoming batch inventory.
manual_batch_000174,manual,keripik_sellable_batch_01,dataset-scrape,dataset_scrape_manual,manual_batch,keripik,keripik,sellable,layak_jual,batch_01,keripik_1 (3).png,dataset-new/keripik/sellable/keripik_1 (3).png,dataset-scrape,incoming,Imported from manual incoming batch inventory.
manual_batch_000175,manual,keripik_sellable_batch_01,dataset-scrape,dataset_scrape_manual,manual_batch,keripik,keripik,sellable,layak_jual,batch_01,keripik_1.png,dataset-new/keripik/sellable/keripik_1.png,dataset-scrape,incoming,Imported from manual incoming batch inventory.
manual_batch_000176,manual,keripik_sellable_batch_01,dataset-scrape,dataset_scrape_manual,manual_batch,keripik,keripik,sellable,layak_jual,batch_01,keripik_2 (1).png,dataset-new/keripik/sellable/keripik_2 (1).png,dataset-scrape,incoming,Imported from manual incoming batch inventory.
manual_batch_000177,manual,keripik_sellable_batch_01,dataset-scrape,dataset_scrape_manual,manual_batch,keripik,keripik,sellable,layak_jual,batch_01,keripik_2 (2).png,dataset-new/keripik/sellable/keripik_2 (2).png,dataset-scrape,incoming,Imported from manual incoming batch inventory.
manual_batch_000178,manual,keripik_sellable_batch_01,dataset-scrape,dataset_scrape_manual,manual_batch,keripik,keripik,sellable,layak_jual,batch_01,keripik_2 (3).png,dataset-new/keripik/sellable/keripik_2 (3).png,dataset-scrape,incoming,Imported from manual incoming batch inventory.
manual_batch_000179,manual,keripik_sellable_batch_01,dataset-scrape,dataset_scrape_manual,manual_batch,keripik,keripik,sellable,layak_jual,batch_01,keripik_2.png,dataset-new/keripik/sellable/keripik_2.png,dataset-scrape,incoming,Imported from manual incoming batch inventory.
manual_batch_000180,manual,keripik_sellable_batch_01,dataset-scrape,dataset_scrape_manual,manual_batch,keripik,keripik,sellable,layak_jual,batch_01,keripik_3 (1).png,dataset-new/keripik/sellable/keripik_3 (1).png,dataset-scrape,incoming,Imported from manual incoming batch inventory.
manual_batch_000181,manual,keripik_sellable_batch_01,dataset-scrape,dataset_scrape_manual,manual_batch,keripik,keripik,sellable,layak_jual,batch_01,keripik_3 (2).png,dataset-new/keripik/sellable/keripik_3 (2).png,dataset-scrape,incoming,Imported from manual incoming batch inventory.
manual_batch_000182,manual,keripik_sellable_batch_01,dataset-scrape,dataset_scrape_manual,manual_batch,keripik,keripik,sellable,layak_jual,batch_01,keripik_3 (3).png,dataset-new/keripik/sellable/keripik_3 (3).png,dataset-scrape,incoming,Imported from manual incoming batch inventory.
manual_batch_000183,manual,keripik_sellable_batch_01,dataset-scrape,dataset_scrape_manual,manual_batch,keripik,keripik,sellable,layak_jual,batch_01,keripik_3.png,dataset-new/keripik/sellable/keripik_3.png,dataset-scrape,incoming,Imported from manual incoming batch inventory.
manual_batch_000184,manual,keripik_sellable_batch_01,dataset-scrape,dataset_scrape_manual,manual_batch,keripik,keripik,sellable,layak_jual,batch_01,keripik_4 (1).png,dataset-new/keripik/sellable/keripik_4 (1).png,dataset-scrape,incoming,Imported from manual incoming batch inventory.
manual_batch_000185,manual,keripik_sellable_batch_01,dataset-scrape,dataset_scrape_manual,manual_batch,keripik,keripik,sellable,layak_jual,batch_01,keripik_4 (2).png,dataset-new/keripik/sellable/keripik_4 (2).png,dataset-scrape,incoming,Imported from manual incoming batch inventory.
manual_batch_000186,manual,keripik_sellable_batch_01,dataset-scrape,dataset_scrape_manual,manual_batch,keripik,keripik,sellable,layak_jual,batch_01,keripik_4 (3).png,dataset-new/keripik/sellable/keripik_4 (3).png,dataset-scrape,incoming,Imported from manual incoming batch inventory.
manual_batch_000187,manual,keripik_sellable_batch_01,dataset-scrape,dataset_scrape_manual,manual_batch,keripik,keripik,sellable,layak_jual,batch_01,keripik_4.png,dataset-new/keripik/sellable/keripik_4.png,dataset-scrape,incoming,Imported from manual incoming batch inventory.
manual_batch_000188,manual,keripik_sellable_batch_01,dataset-scrape,dataset_scrape_manual,manual_batch,keripik,keripik,sellable,layak_jual,batch_01,keripik_5 (1).png,dataset-new/keripik/sellable/keripik_5 (1).png,dataset-scrape,incoming,Imported from manual incoming batch inventory.
manual_batch_000189,manual,keripik_sellable_batch_01,dataset-scrape,dataset_scrape_manual,manual_batch,keripik,keripik,sellable,layak_jual,batch_01,keripik_5 (2).png,dataset-new/keripik/sellable/keripik_5 (2).png,dataset-scrape,incoming,Imported from manual incoming batch inventory.
manual_batch_000190,manual,keripik_sellable_batch_01,dataset-scrape,dataset_scrape_manual,manual_batch,keripik,keripik,sellable,layak_jual,batch_01,keripik_5 (3).png,dataset-new/keripik/sellable/keripik_5 (3).png,dataset-scrape,incoming,Imported from manual incoming batch inventory.
manual_batch_000191,manual,keripik_sellable_batch_01,dataset-scrape,dataset_scrape_manual,manual_batch,keripik,keripik,sellable,layak_jual,batch_01,keripik_5.png,dataset-new/keripik/sellable/keripik_5.png,dataset-scrape,incoming,Imported from manual incoming batch inventory.
manual_batch_000192,manual,keripik_sellable_batch_01,dataset-scrape,dataset_scrape_manual,manual_batch,keripik,keripik,sellable,layak_jual,batch_01,keripik_6 (1).png,dataset-new/keripik/sellable/keripik_6 (1).png,dataset-scrape,incoming,Imported from manual incoming batch inventory.
manual_batch_000193,manual,keripik_sellable_batch_01,dataset-scrape,dataset_scrape_manual,manual_batch,keripik,keripik,sellable,layak_jual,batch_01,keripik_6.png,dataset-new/keripik/sellable/keripik_6.png,dataset-scrape,incoming,Imported from manual incoming batch inventory.
manual_batch_000194,manual,keripik_sellable_batch_01,dataset-scrape,dataset_scrape_manual,manual_batch,keripik,keripik,sellable,layak_jual,batch_01,keripik_7 (1).png,dataset-new/keripik/sellable/keripik_7 (1).png,dataset-scrape,incoming,Imported from manual incoming batch inventory.
manual_batch_000195,manual,keripik_sellable_batch_01,dataset-scrape,dataset_scrape_manual,manual_batch,keripik,keripik,sellable,layak_jual,batch_01,keripik_7.png,dataset-new/keripik/sellable/keripik_7.png,dataset-scrape,incoming,Imported from manual incoming batch inventory.
manual_batch_000196,manual,keripik_sellable_batch_01,dataset-scrape,dataset_scrape_manual,manual_batch,keripik,keripik,sellable,layak_jual,batch_01,keripik_8 (1).png,dataset-new/keripik/sellable/keripik_8 (1).png,dataset-scrape,incoming,Imported from manual incoming batch inventory.
manual_batch_000197,manual,keripik_sellable_batch_01,dataset-scrape,dataset_scrape_manual,manual_batch,keripik,keripik,sellable,layak_jual,batch_01,keripik_8.png,dataset-new/keripik/sellable/keripik_8.png,dataset-scrape,incoming,Imported from manual incoming batch inventory.
manual_batch_000198,manual,keripik_sellable_batch_01,dataset-scrape,dataset_scrape_manual,manual_batch,keripik,keripik,sellable,layak_jual,batch_01,keripik_9 (1).png,dataset-new/keripik/sellable/keripik_9 (1).png,dataset-scrape,incoming,Imported from manual incoming batch inventory.
manual_batch_000199,manual,keripik_sellable_batch_01,dataset-scrape,dataset_scrape_manual,manual_batch,keripik,keripik,sellable,layak_jual,batch_01,keripik_9.png,dataset-new/keripik/sellable/keripik_9.png,dataset-scrape,incoming,Imported from manual incoming batch inventory.
manual_batch_000200,manual,keripik_sellable_batch_01,dataset-scrape,dataset_scrape_manual,manual_batch,keripik,keripik,sellable,layak_jual,batch_01,lots-potato-chips-texture-close-260nw-2271537017.webp,dataset-new/keripik/sellable/lots-potato-chips-texture-close-260nw-2271537017.webp,dataset-scrape,incoming,Imported from manual incoming batch inventory.
manual_batch_000201,manual,keripik_sellable_batch_01,dataset-scrape,dataset_scrape_manual,manual_batch,keripik,keripik,sellable,layak_jual,batch_01,photo-1699666397768-0126340e880a.avif,dataset-new/keripik/sellable/photo-1699666397768-0126340e880a.avif,dataset-scrape,incoming,Imported from manual incoming batch inventory.
manual_batch_000202,manual,keripik_sellable_batch_01,dataset-scrape,dataset_scrape_manual,manual_batch,keripik,keripik,sellable,layak_jual,batch_01,potato-chips-close-up-isolated-white-background_179068-8395.avif,dataset-new/keripik/sellable/potato-chips-close-up-isolated-white-background_179068-8395.avif,dataset-scrape,incoming,Imported from manual incoming batch inventory.
manual_batch_000203,manual,keripik_sellable_batch_01,dataset-scrape,dataset_scrape_manual,manual_batch,keripik,keripik,sellable,layak_jual,batch_01,potato-chips-close-up-of-homemade-on-a-wooden-texture_9915293.webp,dataset-new/keripik/sellable/potato-chips-close-up-of-homemade-on-a-wooden-texture_9915293.webp,dataset-scrape,incoming,Imported from manual incoming batch inventory.
manual_batch_000204,manual,keripik_sellable_batch_01,dataset-scrape,dataset_scrape_manual,manual_batch,keripik,keripik,sellable,layak_jual,batch_01,potato-crisps-close-up-shot-of-crisp-chip-texture-background_9931892.webp,dataset-new/keripik/sellable/potato-crisps-close-up-shot-of-crisp-chip-texture-background_9931892.webp,dataset-scrape,incoming,Imported from manual incoming batch inventory.
manual_batch_000205,manual,keripik_sellable_batch_01,dataset-scrape,dataset_scrape_manual,manual_batch,keripik,keripik,sellable,layak_jual,batch_01,premium_photo-1664391687872-6b1754aac44a.jpeg,dataset-new/keripik/sellable/premium_photo-1664391687872-6b1754aac44a.jpeg,dataset-scrape,incoming,Imported from manual incoming batch inventory.
manual_batch_000206,manual,keripik_sellable_batch_01,dataset-scrape,dataset_scrape_manual,manual_batch,keripik,keripik,sellable,layak_jual,batch_01,video_preview_0000.avif,dataset-new/keripik/sellable/video_preview_0000.avif,dataset-scrape,incoming,Imported from manual incoming batch inventory.
manual_batch_000207,manual,kerupuk_non_sellable_batch_01,dataset-scrape,dataset_scrape_manual,manual_batch,kerupuk,kerupuk,non_sellable,tidak_layak_jual,batch_01,474459896_17896483341104712_5054932202497229054_n.jpg,dataset-new/kerupuk/non_sellable/474459896_17896483341104712_5054932202497229054_n.jpg,dataset-scrape,incoming,Imported from manual incoming batch inventory.
manual_batch_000208,manual,kerupuk_non_sellable_batch_01,dataset-scrape,dataset_scrape_manual,manual_batch,kerupuk,kerupuk,non_sellable,tidak_layak_jual,batch_01,"ChatGPT Image May 26, 2026, 10_02_35 PM.png","dataset-new/kerupuk/non_sellable/ChatGPT Image May 26, 2026, 10_02_35 PM.png",dataset-scrape,incoming,Imported from manual incoming batch inventory.
manual_batch_000209,manual,kerupuk_non_sellable_batch_01,dataset-scrape,dataset_scrape_manual,manual_batch,kerupuk,kerupuk,non_sellable,tidak_layak_jual,batch_01,"ChatGPT Image May 26, 2026, 10_14_33 PM (1).png","dataset-new/kerupuk/non_sellable/ChatGPT Image May 26, 2026, 10_14_33 PM (1).png",dataset-scrape,incoming,Imported from manual incoming batch inventory.
manual_batch_000210,manual,kerupuk_non_sellable_batch_01,dataset-scrape,dataset_scrape_manual,manual_batch,kerupuk,kerupuk,non_sellable,tidak_layak_jual,batch_01,"ChatGPT Image May 26, 2026, 10_14_33 PM (2).png","dataset-new/kerupuk/non_sellable/ChatGPT Image May 26, 2026, 10_14_33 PM (2).png",dataset-scrape,incoming,Imported from manual incoming batch inventory.
manual_batch_000211,manual,kerupuk_non_sellable_batch_01,dataset-scrape,dataset_scrape_manual,manual_batch,kerupuk,kerupuk,non_sellable,tidak_layak_jual,batch_01,"ChatGPT Image May 26, 2026, 10_14_33 PM (3).png","dataset-new/kerupuk/non_sellable/ChatGPT Image May 26, 2026, 10_14_33 PM (3).png",dataset-scrape,incoming,Imported from manual incoming batch inventory.
manual_batch_000212,manual,kerupuk_non_sellable_batch_01,dataset-scrape,dataset_scrape_manual,manual_batch,kerupuk,kerupuk,non_sellable,tidak_layak_jual,batch_01,"ChatGPT Image May 26, 2026, 10_17_31 PM (1).png","dataset-new/kerupuk/non_sellable/ChatGPT Image May 26, 2026, 10_17_31 PM (1).png",dataset-scrape,incoming,Imported from manual incoming batch inventory.
manual_batch_000213,manual,kerupuk_non_sellable_batch_01,dataset-scrape,dataset_scrape_manual,manual_batch,kerupuk,kerupuk,non_sellable,tidak_layak_jual,batch_01,"ChatGPT Image May 26, 2026, 10_17_32 PM (2).png","dataset-new/kerupuk/non_sellable/ChatGPT Image May 26, 2026, 10_17_32 PM (2).png",dataset-scrape,incoming,Imported from manual incoming batch inventory.
manual_batch_000214,manual,kerupuk_non_sellable_batch_01,dataset-scrape,dataset_scrape_manual,manual_batch,kerupuk,kerupuk,non_sellable,tidak_layak_jual,batch_01,"ChatGPT Image May 26, 2026, 10_17_32 PM (3).png","dataset-new/kerupuk/non_sellable/ChatGPT Image May 26, 2026, 10_17_32 PM (3).png",dataset-scrape,incoming,Imported from manual incoming batch inventory.
manual_batch_000215,manual,kerupuk_non_sellable_batch_01,dataset-scrape,dataset_scrape_manual,manual_batch,kerupuk,kerupuk,non_sellable,tidak_layak_jual,batch_01,"ChatGPT Image May 26, 2026, 10_32_46 PM (1).png","dataset-new/kerupuk/non_sellable/ChatGPT Image May 26, 2026, 10_32_46 PM (1).png",dataset-scrape,incoming,Imported from manual incoming batch inventory.
manual_batch_000216,manual,kerupuk_non_sellable_batch_01,dataset-scrape,dataset_scrape_manual,manual_batch,kerupuk,kerupuk,non_sellable,tidak_layak_jual,batch_01,"ChatGPT Image May 26, 2026, 10_32_46 PM (2).png","dataset-new/kerupuk/non_sellable/ChatGPT Image May 26, 2026, 10_32_46 PM (2).png",dataset-scrape,incoming,Imported from manual incoming batch inventory.
manual_batch_000217,manual,kerupuk_non_sellable_batch_01,dataset-scrape,dataset_scrape_manual,manual_batch,kerupuk,kerupuk,non_sellable,tidak_layak_jual,batch_01,"ChatGPT Image May 26, 2026, 10_32_50 PM (3).png","dataset-new/kerupuk/non_sellable/ChatGPT Image May 26, 2026, 10_32_50 PM (3).png",dataset-scrape,incoming,Imported from manual incoming batch inventory.
manual_batch_000218,manual,kerupuk_non_sellable_batch_01,dataset-scrape,dataset_scrape_manual,manual_batch,kerupuk,kerupuk,non_sellable,tidak_layak_jual,batch_01,"ChatGPT Image May 26, 2026, 10_35_43 PM (1).png","dataset-new/kerupuk/non_sellable/ChatGPT Image May 26, 2026, 10_35_43 PM (1).png",dataset-scrape,incoming,Imported from manual incoming batch inventory.
manual_batch_000219,manual,kerupuk_non_sellable_batch_01,dataset-scrape,dataset_scrape_manual,manual_batch,kerupuk,kerupuk,non_sellable,tidak_layak_jual,batch_01,"ChatGPT Image May 26, 2026, 10_35_43 PM (2).png","dataset-new/kerupuk/non_sellable/ChatGPT Image May 26, 2026, 10_35_43 PM (2).png",dataset-scrape,incoming,Imported from manual incoming batch inventory.
manual_batch_000220,manual,kerupuk_non_sellable_batch_01,dataset-scrape,dataset_scrape_manual,manual_batch,kerupuk,kerupuk,non_sellable,tidak_layak_jual,batch_01,"ChatGPT Image May 26, 2026, 10_35_43 PM (3).png","dataset-new/kerupuk/non_sellable/ChatGPT Image May 26, 2026, 10_35_43 PM (3).png",dataset-scrape,incoming,Imported from manual incoming batch inventory.
manual_batch_000221,manual,kerupuk_non_sellable_batch_01,dataset-scrape,dataset_scrape_manual,manual_batch,kerupuk,kerupuk,non_sellable,tidak_layak_jual,batch_01,"ChatGPT Image May 26, 2026, 10_37_57 PM.png","dataset-new/kerupuk/non_sellable/ChatGPT Image May 26, 2026, 10_37_57 PM.png",dataset-scrape,incoming,Imported from manual incoming batch inventory.
manual_batch_000222,manual,kerupuk_non_sellable_batch_01,dataset-scrape,dataset_scrape_manual,manual_batch,kerupuk,kerupuk,non_sellable,tidak_layak_jual,batch_01,"ChatGPT Image May 26, 2026, 10_38_02 PM.png","dataset-new/kerupuk/non_sellable/ChatGPT Image May 26, 2026, 10_38_02 PM.png",dataset-scrape,incoming,Imported from manual incoming batch inventory.
manual_batch_000223,manual,kerupuk_non_sellable_batch_01,dataset-scrape,dataset_scrape_manual,manual_batch,kerupuk,kerupuk,non_sellable,tidak_layak_jual,batch_01,"ChatGPT Image May 26, 2026, 10_39_08 PM.png","dataset-new/kerupuk/non_sellable/ChatGPT Image May 26, 2026, 10_39_08 PM.png",dataset-scrape,incoming,Imported from manual incoming batch inventory.
manual_batch_000224,manual,kerupuk_non_sellable_batch_01,dataset-scrape,dataset_scrape_manual,manual_batch,kerupuk,kerupuk,non_sellable,tidak_layak_jual,batch_01,kerupuk_1 (1).png,dataset-new/kerupuk/non_sellable/kerupuk_1 (1).png,dataset-scrape,incoming,Imported from manual incoming batch inventory.
manual_batch_000225,manual,kerupuk_non_sellable_batch_01,dataset-scrape,dataset_scrape_manual,manual_batch,kerupuk,kerupuk,non_sellable,tidak_layak_jual,batch_01,kerupuk_1 (2).png,dataset-new/kerupuk/non_sellable/kerupuk_1 (2).png,dataset-scrape,incoming,Imported from manual incoming batch inventory.
manual_batch_000226,manual,kerupuk_non_sellable_batch_01,dataset-scrape,dataset_scrape_manual,manual_batch,kerupuk,kerupuk,non_sellable,tidak_layak_jual,batch_01,kerupuk_1 (3).png,dataset-new/kerupuk/non_sellable/kerupuk_1 (3).png,dataset-scrape,incoming,Imported from manual incoming batch inventory.
manual_batch_000227,manual,kerupuk_non_sellable_batch_01,dataset-scrape,dataset_scrape_manual,manual_batch,kerupuk,kerupuk,non_sellable,tidak_layak_jual,batch_01,kerupuk_1 (4).png,dataset-new/kerupuk/non_sellable/kerupuk_1 (4).png,dataset-scrape,incoming,Imported from manual incoming batch inventory.
manual_batch_000228,manual,kerupuk_non_sellable_batch_01,dataset-scrape,dataset_scrape_manual,manual_batch,kerupuk,kerupuk,non_sellable,tidak_layak_jual,batch_01,kerupuk_1 (5).png,dataset-new/kerupuk/non_sellable/kerupuk_1 (5).png,dataset-scrape,incoming,Imported from manual incoming batch inventory.
manual_batch_000229,manual,kerupuk_non_sellable_batch_01,dataset-scrape,dataset_scrape_manual,manual_batch,kerupuk,kerupuk,non_sellable,tidak_layak_jual,batch_01,kerupuk_1.png,dataset-new/kerupuk/non_sellable/kerupuk_1.png,dataset-scrape,incoming,Imported from manual incoming batch inventory.
manual_batch_000230,manual,kerupuk_non_sellable_batch_01,dataset-scrape,dataset_scrape_manual,manual_batch,kerupuk,kerupuk,non_sellable,tidak_layak_jual,batch_01,kerupuk_2 (1).png,dataset-new/kerupuk/non_sellable/kerupuk_2 (1).png,dataset-scrape,incoming,Imported from manual incoming batch inventory.
manual_batch_000231,manual,kerupuk_non_sellable_batch_01,dataset-scrape,dataset_scrape_manual,manual_batch,kerupuk,kerupuk,non_sellable,tidak_layak_jual,batch_01,kerupuk_2 (2).png,dataset-new/kerupuk/non_sellable/kerupuk_2 (2).png,dataset-scrape,incoming,Imported from manual incoming batch inventory.
manual_batch_000232,manual,kerupuk_non_sellable_batch_01,dataset-scrape,dataset_scrape_manual,manual_batch,kerupuk,kerupuk,non_sellable,tidak_layak_jual,batch_01,kerupuk_2 (3).png,dataset-new/kerupuk/non_sellable/kerupuk_2 (3).png,dataset-scrape,incoming,Imported from manual incoming batch inventory.
manual_batch_000233,manual,kerupuk_non_sellable_batch_01,dataset-scrape,dataset_scrape_manual,manual_batch,kerupuk,kerupuk,non_sellable,tidak_layak_jual,batch_01,kerupuk_2 (4).png,dataset-new/kerupuk/non_sellable/kerupuk_2 (4).png,dataset-scrape,incoming,Imported from manual incoming batch inventory.
manual_batch_000234,manual,kerupuk_non_sellable_batch_01,dataset-scrape,dataset_scrape_manual,manual_batch,kerupuk,kerupuk,non_sellable,tidak_layak_jual,batch_01,kerupuk_2 (5).png,dataset-new/kerupuk/non_sellable/kerupuk_2 (5).png,dataset-scrape,incoming,Imported from manual incoming batch inventory.
manual_batch_000235,manual,kerupuk_non_sellable_batch_01,dataset-scrape,dataset_scrape_manual,manual_batch,kerupuk,kerupuk,non_sellable,tidak_layak_jual,batch_01,kerupuk_2.png,dataset-new/kerupuk/non_sellable/kerupuk_2.png,dataset-scrape,incoming,Imported from manual incoming batch inventory.
manual_batch_000236,manual,kerupuk_non_sellable_batch_01,dataset-scrape,dataset_scrape_manual,manual_batch,kerupuk,kerupuk,non_sellable,tidak_layak_jual,batch_01,kerupuk_3 (1).png,dataset-new/kerupuk/non_sellable/kerupuk_3 (1).png,dataset-scrape,incoming,Imported from manual incoming batch inventory.
manual_batch_000237,manual,kerupuk_non_sellable_batch_01,dataset-scrape,dataset_scrape_manual,manual_batch,kerupuk,kerupuk,non_sellable,tidak_layak_jual,batch_01,kerupuk_3 (2).png,dataset-new/kerupuk/non_sellable/kerupuk_3 (2).png,dataset-scrape,incoming,Imported from manual incoming batch inventory.
manual_batch_000238,manual,kerupuk_non_sellable_batch_01,dataset-scrape,dataset_scrape_manual,manual_batch,kerupuk,kerupuk,non_sellable,tidak_layak_jual,batch_01,kerupuk_3 (3).png,dataset-new/kerupuk/non_sellable/kerupuk_3 (3).png,dataset-scrape,incoming,Imported from manual incoming batch inventory.
manual_batch_000239,manual,kerupuk_non_sellable_batch_01,dataset-scrape,dataset_scrape_manual,manual_batch,kerupuk,kerupuk,non_sellable,tidak_layak_jual,batch_01,kerupuk_3 (4).png,dataset-new/kerupuk/non_sellable/kerupuk_3 (4).png,dataset-scrape,incoming,Imported from manual incoming batch inventory.
manual_batch_000240,manual,kerupuk_non_sellable_batch_01,dataset-scrape,dataset_scrape_manual,manual_batch,kerupuk,kerupuk,non_sellable,tidak_layak_jual,batch_01,kerupuk_3 (5).png,dataset-new/kerupuk/non_sellable/kerupuk_3 (5).png,dataset-scrape,incoming,Imported from manual incoming batch inventory.
manual_batch_000241,manual,kerupuk_non_sellable_batch_01,dataset-scrape,dataset_scrape_manual,manual_batch,kerupuk,kerupuk,non_sellable,tidak_layak_jual,batch_01,kerupuk_3.png,dataset-new/kerupuk/non_sellable/kerupuk_3.png,dataset-scrape,incoming,Imported from manual incoming batch inventory.
manual_batch_000242,manual,kerupuk_non_sellable_batch_01,dataset-scrape,dataset_scrape_manual,manual_batch,kerupuk,kerupuk,non_sellable,tidak_layak_jual,batch_01,kerupuk_4 (1).png,dataset-new/kerupuk/non_sellable/kerupuk_4 (1).png,dataset-scrape,incoming,Imported from manual incoming batch inventory.
manual_batch_000243,manual,kerupuk_non_sellable_batch_01,dataset-scrape,dataset_scrape_manual,manual_batch,kerupuk,kerupuk,non_sellable,tidak_layak_jual,batch_01,kerupuk_4 (2).png,dataset-new/kerupuk/non_sellable/kerupuk_4 (2).png,dataset-scrape,incoming,Imported from manual incoming batch inventory.
manual_batch_000244,manual,kerupuk_non_sellable_batch_01,dataset-scrape,dataset_scrape_manual,manual_batch,kerupuk,kerupuk,non_sellable,tidak_layak_jual,batch_01,kerupuk_4 (3).png,dataset-new/kerupuk/non_sellable/kerupuk_4 (3).png,dataset-scrape,incoming,Imported from manual incoming batch inventory.
manual_batch_000245,manual,kerupuk_non_sellable_batch_01,dataset-scrape,dataset_scrape_manual,manual_batch,kerupuk,kerupuk,non_sellable,tidak_layak_jual,batch_01,kerupuk_4 (4).png,dataset-new/kerupuk/non_sellable/kerupuk_4 (4).png,dataset-scrape,incoming,Imported from manual incoming batch inventory.
manual_batch_000246,manual,kerupuk_non_sellable_batch_01,dataset-scrape,dataset_scrape_manual,manual_batch,kerupuk,kerupuk,non_sellable,tidak_layak_jual,batch_01,kerupuk_4 (5).png,dataset-new/kerupuk/non_sellable/kerupuk_4 (5).png,dataset-scrape,incoming,Imported from manual incoming batch inventory.
manual_batch_000247,manual,kerupuk_non_sellable_batch_01,dataset-scrape,dataset_scrape_manual,manual_batch,kerupuk,kerupuk,non_sellable,tidak_layak_jual,batch_01,kerupuk_4.png,dataset-new/kerupuk/non_sellable/kerupuk_4.png,dataset-scrape,incoming,Imported from manual incoming batch inventory.
manual_batch_000248,manual,kerupuk_non_sellable_batch_01,dataset-scrape,dataset_scrape_manual,manual_batch,kerupuk,kerupuk,non_sellable,tidak_layak_jual,batch_01,kerupuk_5 (1).png,dataset-new/kerupuk/non_sellable/kerupuk_5 (1).png,dataset-scrape,incoming,Imported from manual incoming batch inventory.
manual_batch_000249,manual,kerupuk_non_sellable_batch_01,dataset-scrape,dataset_scrape_manual,manual_batch,kerupuk,kerupuk,non_sellable,tidak_layak_jual,batch_01,kerupuk_5 (2).png,dataset-new/kerupuk/non_sellable/kerupuk_5 (2).png,dataset-scrape,incoming,Imported from manual incoming batch inventory.
manual_batch_000250,manual,kerupuk_non_sellable_batch_01,dataset-scrape,dataset_scrape_manual,manual_batch,kerupuk,kerupuk,non_sellable,tidak_layak_jual,batch_01,kerupuk_5 (3).png,dataset-new/kerupuk/non_sellable/kerupuk_5 (3).png,dataset-scrape,incoming,Imported from manual incoming batch inventory.
manual_batch_000251,manual,kerupuk_non_sellable_batch_01,dataset-scrape,dataset_scrape_manual,manual_batch,kerupuk,kerupuk,non_sellable,tidak_layak_jual,batch_01,kerupuk_5 (4).png,dataset-new/kerupuk/non_sellable/kerupuk_5 (4).png,dataset-scrape,incoming,Imported from manual incoming batch inventory.
manual_batch_000252,manual,kerupuk_non_sellable_batch_01,dataset-scrape,dataset_scrape_manual,manual_batch,kerupuk,kerupuk,non_sellable,tidak_layak_jual,batch_01,kerupuk_5 (5).png,dataset-new/kerupuk/non_sellable/kerupuk_5 (5).png,dataset-scrape,incoming,Imported from manual incoming batch inventory.
manual_batch_000253,manual,kerupuk_non_sellable_batch_01,dataset-scrape,dataset_scrape_manual,manual_batch,kerupuk,kerupuk,non_sellable,tidak_layak_jual,batch_01,kerupuk_5.png,dataset-new/kerupuk/non_sellable/kerupuk_5.png,dataset-scrape,incoming,Imported from manual incoming batch inventory.
manual_batch_000254,manual,kerupuk_non_sellable_batch_01,dataset-scrape,dataset_scrape_manual,manual_batch,kerupuk,kerupuk,non_sellable,tidak_layak_jual,batch_01,kerupuk_6 (1).png,dataset-new/kerupuk/non_sellable/kerupuk_6 (1).png,dataset-scrape,incoming,Imported from manual incoming batch inventory.
manual_batch_000255,manual,kerupuk_non_sellable_batch_01,dataset-scrape,dataset_scrape_manual,manual_batch,kerupuk,kerupuk,non_sellable,tidak_layak_jual,batch_01,kerupuk_6 (2).png,dataset-new/kerupuk/non_sellable/kerupuk_6 (2).png,dataset-scrape,incoming,Imported from manual incoming batch inventory.
manual_batch_000256,manual,kerupuk_non_sellable_batch_01,dataset-scrape,dataset_scrape_manual,manual_batch,kerupuk,kerupuk,non_sellable,tidak_layak_jual,batch_01,kerupuk_6 (3).png,dataset-new/kerupuk/non_sellable/kerupuk_6 (3).png,dataset-scrape,incoming,Imported from manual incoming batch inventory.
manual_batch_000257,manual,kerupuk_non_sellable_batch_01,dataset-scrape,dataset_scrape_manual,manual_batch,kerupuk,kerupuk,non_sellable,tidak_layak_jual,batch_01,kerupuk_6.png,dataset-new/kerupuk/non_sellable/kerupuk_6.png,dataset-scrape,incoming,Imported from manual incoming batch inventory.
manual_batch_000258,manual,kerupuk_sellable_batch_01,dataset-scrape,dataset_scrape_manual,manual_batch,kerupuk,kerupuk,sellable,layak_jual,batch_01,5fcbd3f39beaac4a37278c7efa3f5d20.jpeg,dataset-new/kerupuk/sellable/5fcbd3f39beaac4a37278c7efa3f5d20.jpeg,dataset-scrape,incoming,Imported from manual incoming batch inventory.
manual_batch_000259,manual,kerupuk_sellable_batch_01,dataset-scrape,dataset_scrape_manual,manual_batch,kerupuk,kerupuk,sellable,layak_jual,batch_01,S52bace3a2bf745d595d2855b4c954ed6H.jpg_960x960q80.jpg_.webp,dataset-new/kerupuk/sellable/S52bace3a2bf745d595d2855b4c954ed6H.jpg_960x960q80.jpg_.webp,dataset-scrape,incoming,Imported from manual incoming batch inventory.
manual_batch_000260,manual,kerupuk_sellable_batch_01,dataset-scrape,dataset_scrape_manual,manual_batch,kerupuk,kerupuk,sellable,layak_jual,batch_01,close-up-crispy-delicious-pink-rosette-kerupuk-crackers-crunchy-indonesian-snack-stacked-white-background-highlighting-401457479.webp,dataset-new/kerupuk/sellable/close-up-crispy-delicious-pink-rosette-kerupuk-crackers-crunchy-indonesian-snack-stacked-white-background-highlighting-401457479.webp,dataset-scrape,incoming,Imported from manual incoming batch inventory.
manual_batch_000261,manual,kerupuk_sellable_batch_01,dataset-scrape,dataset_scrape_manual,manual_batch,kerupuk,kerupuk,sellable,layak_jual,batch_01,close-up-kerupuk-udang-atau-kerupuk-udang-di-atas-meja-kayu_511235-7929.avif,dataset-new/kerupuk/sellable/close-up-kerupuk-udang-atau-kerupuk-udang-di-atas-meja-kayu_511235-7929.avif,dataset-scrape,incoming,Imported from manual incoming batch inventory.
manual_batch_000262,manual,kerupuk_sellable_batch_01,dataset-scrape,dataset_scrape_manual,manual_batch,kerupuk,kerupuk,sellable,layak_jual,batch_01,close-up-view-of-intricate-circular-indonesian-crackers-called-kerupuk-or-krupuk-photo.jpg,dataset-new/kerupuk/sellable/close-up-view-of-intricate-circular-indonesian-crackers-called-kerupuk-or-krupuk-photo.jpg,dataset-scrape,incoming,Imported from manual incoming batch inventory.
manual_batch_000263,manual,kerupuk_sellable_batch_01,dataset-scrape,dataset_scrape_manual,manual_batch,kerupuk,kerupuk,sellable,layak_jual,batch_01,closeup-details-texture-type-kerupuk-260nw-2710358329.webp,dataset-new/kerupuk/sellable/closeup-details-texture-type-kerupuk-260nw-2710358329.webp,dataset-scrape,incoming,Imported from manual incoming batch inventory.
manual_batch_000264,manual,kerupuk_sellable_batch_01,dataset-scrape,dataset_scrape_manual,manual_batch,kerupuk,kerupuk,sellable,layak_jual,batch_01,closeup-shot-colourful-uncooked-indonesian-260nw-2691753859.webp,dataset-new/kerupuk/sellable/closeup-shot-colourful-uncooked-indonesian-260nw-2691753859.webp,dataset-scrape,incoming,Imported from manual incoming batch inventory.
manual_batch_000265,manual,kerupuk_sellable_batch_01,dataset-scrape,dataset_scrape_manual,manual_batch,kerupuk,kerupuk,sellable,layak_jual,batch_01,closeup-traditional-indonesian-kerupuk-cracker-260nw-2680329057.webp,dataset-new/kerupuk/sellable/closeup-traditional-indonesian-kerupuk-cracker-260nw-2680329057.webp,dataset-scrape,incoming,Imported from manual incoming batch inventory.
manual_batch_000266,manual,kerupuk_sellable_batch_01,dataset-scrape,dataset_scrape_manual,manual_batch,kerupuk,kerupuk,sellable,layak_jual,batch_01,d02435f3a53e4cbcb02e78dd460b945a~.jpeg.jpeg,dataset-new/kerupuk/sellable/d02435f3a53e4cbcb02e78dd460b945a~.jpeg.jpeg,dataset-scrape,incoming,Imported from manual incoming batch inventory.
manual_batch_000267,manual,kerupuk_sellable_batch_01,dataset-scrape,dataset_scrape_manual,manual_batch,kerupuk,kerupuk,sellable,layak_jual,batch_01,fullframe-overhead-closeup-uncooked-krupuk-260nw-2683926277.webp,dataset-new/kerupuk/sellable/fullframe-overhead-closeup-uncooked-krupuk-260nw-2683926277.webp,dataset-scrape,incoming,Imported from manual incoming batch inventory.
manual_batch_000268,manual,kerupuk_sellable_batch_01,dataset-scrape,dataset_scrape_manual,manual_batch,kerupuk,kerupuk,sellable,layak_jual,batch_01,kerupuk-putih_169.jpeg,dataset-new/kerupuk/sellable/kerupuk-putih_169.jpeg,dataset-scrape,incoming,Imported from manual incoming batch inventory.
manual_batch_000269,manual,kerupuk_sellable_batch_01,dataset-scrape,dataset_scrape_manual,manual_batch,kerupuk,kerupuk,sellable,layak_jual,batch_01,kerupuk2.jpg,dataset-new/kerupuk/sellable/kerupuk2.jpg,dataset-scrape,incoming,Imported from manual incoming batch inventory.
manual_batch_000270,manual,kerupuk_sellable_batch_01,dataset-scrape,dataset_scrape_manual,manual_batch,kerupuk,kerupuk,sellable,layak_jual,batch_01,kerupuk_1 (1).png,dataset-new/kerupuk/sellable/kerupuk_1 (1).png,dataset-scrape,incoming,Imported from manual incoming batch inventory.
manual_batch_000271,manual,kerupuk_sellable_batch_01,dataset-scrape,dataset_scrape_manual,manual_batch,kerupuk,kerupuk,sellable,layak_jual,batch_01,kerupuk_1 (2).png,dataset-new/kerupuk/sellable/kerupuk_1 (2).png,dataset-scrape,incoming,Imported from manual incoming batch inventory.
manual_batch_000272,manual,kerupuk_sellable_batch_01,dataset-scrape,dataset_scrape_manual,manual_batch,kerupuk,kerupuk,sellable,layak_jual,batch_01,kerupuk_1 (3).png,dataset-new/kerupuk/sellable/kerupuk_1 (3).png,dataset-scrape,incoming,Imported from manual incoming batch inventory.
manual_batch_000273,manual,kerupuk_sellable_batch_01,dataset-scrape,dataset_scrape_manual,manual_batch,kerupuk,kerupuk,sellable,layak_jual,batch_01,kerupuk_1 (4).png,dataset-new/kerupuk/sellable/kerupuk_1 (4).png,dataset-scrape,incoming,Imported from manual incoming batch inventory.
manual_batch_000274,manual,kerupuk_sellable_batch_01,dataset-scrape,dataset_scrape_manual,manual_batch,kerupuk,kerupuk,sellable,layak_jual,batch_01,kerupuk_1 (5).png,dataset-new/kerupuk/sellable/kerupuk_1 (5).png,dataset-scrape,incoming,Imported from manual incoming batch inventory.
manual_batch_000275,manual,kerupuk_sellable_batch_01,dataset-scrape,dataset_scrape_manual,manual_batch,kerupuk,kerupuk,sellable,layak_jual,batch_01,kerupuk_1.png,dataset-new/kerupuk/sellable/kerupuk_1.png,dataset-scrape,incoming,Imported from manual incoming batch inventory.
manual_batch_000276,manual,kerupuk_sellable_batch_01,dataset-scrape,dataset_scrape_manual,manual_batch,kerupuk,kerupuk,sellable,layak_jual,batch_01,kerupuk_2 (1).png,dataset-new/kerupuk/sellable/kerupuk_2 (1).png,dataset-scrape,incoming,Imported from manual incoming batch inventory.
manual_batch_000277,manual,kerupuk_sellable_batch_01,dataset-scrape,dataset_scrape_manual,manual_batch,kerupuk,kerupuk,sellable,layak_jual,batch_01,kerupuk_2 (2).png,dataset-new/kerupuk/sellable/kerupuk_2 (2).png,dataset-scrape,incoming,Imported from manual incoming batch inventory.
manual_batch_000278,manual,kerupuk_sellable_batch_01,dataset-scrape,dataset_scrape_manual,manual_batch,kerupuk,kerupuk,sellable,layak_jual,batch_01,kerupuk_2 (3).png,dataset-new/kerupuk/sellable/kerupuk_2 (3).png,dataset-scrape,incoming,Imported from manual incoming batch inventory.
manual_batch_000279,manual,kerupuk_sellable_batch_01,dataset-scrape,dataset_scrape_manual,manual_batch,kerupuk,kerupuk,sellable,layak_jual,batch_01,kerupuk_2 (4).png,dataset-new/kerupuk/sellable/kerupuk_2 (4).png,dataset-scrape,incoming,Imported from manual incoming batch inventory.
manual_batch_000280,manual,kerupuk_sellable_batch_01,dataset-scrape,dataset_scrape_manual,manual_batch,kerupuk,kerupuk,sellable,layak_jual,batch_01,kerupuk_2 (5).png,dataset-new/kerupuk/sellable/kerupuk_2 (5).png,dataset-scrape,incoming,Imported from manual incoming batch inventory.
manual_batch_000281,manual,kerupuk_sellable_batch_01,dataset-scrape,dataset_scrape_manual,manual_batch,kerupuk,kerupuk,sellable,layak_jual,batch_01,kerupuk_2.png,dataset-new/kerupuk/sellable/kerupuk_2.png,dataset-scrape,incoming,Imported from manual incoming batch inventory.
manual_batch_000282,manual,kerupuk_sellable_batch_01,dataset-scrape,dataset_scrape_manual,manual_batch,kerupuk,kerupuk,sellable,layak_jual,batch_01,kerupuk_3 (1).png,dataset-new/kerupuk/sellable/kerupuk_3 (1).png,dataset-scrape,incoming,Imported from manual incoming batch inventory.
manual_batch_000283,manual,kerupuk_sellable_batch_01,dataset-scrape,dataset_scrape_manual,manual_batch,kerupuk,kerupuk,sellable,layak_jual,batch_01,kerupuk_3 (2).png,dataset-new/kerupuk/sellable/kerupuk_3 (2).png,dataset-scrape,incoming,Imported from manual incoming batch inventory.
manual_batch_000284,manual,kerupuk_sellable_batch_01,dataset-scrape,dataset_scrape_manual,manual_batch,kerupuk,kerupuk,sellable,layak_jual,batch_01,kerupuk_3 (3).png,dataset-new/kerupuk/sellable/kerupuk_3 (3).png,dataset-scrape,incoming,Imported from manual incoming batch inventory.
manual_batch_000285,manual,kerupuk_sellable_batch_01,dataset-scrape,dataset_scrape_manual,manual_batch,kerupuk,kerupuk,sellable,layak_jual,batch_01,kerupuk_3 (4).png,dataset-new/kerupuk/sellable/kerupuk_3 (4).png,dataset-scrape,incoming,Imported from manual incoming batch inventory.
manual_batch_000286,manual,kerupuk_sellable_batch_01,dataset-scrape,dataset_scrape_manual,manual_batch,kerupuk,kerupuk,sellable,layak_jual,batch_01,kerupuk_3 (5).png,dataset-new/kerupuk/sellable/kerupuk_3 (5).png,dataset-scrape,incoming,Imported from manual incoming batch inventory.
manual_batch_000287,manual,kerupuk_sellable_batch_01,dataset-scrape,dataset_scrape_manual,manual_batch,kerupuk,kerupuk,sellable,layak_jual,batch_01,kerupuk_3.png,dataset-new/kerupuk/sellable/kerupuk_3.png,dataset-scrape,incoming,Imported from manual incoming batch inventory.
manual_batch_000288,manual,kerupuk_sellable_batch_01,dataset-scrape,dataset_scrape_manual,manual_batch,kerupuk,kerupuk,sellable,layak_jual,batch_01,kerupuk_4 (1).png,dataset-new/kerupuk/sellable/kerupuk_4 (1).png,dataset-scrape,incoming,Imported from manual incoming batch inventory.
manual_batch_000289,manual,kerupuk_sellable_batch_01,dataset-scrape,dataset_scrape_manual,manual_batch,kerupuk,kerupuk,sellable,layak_jual,batch_01,kerupuk_4 (2).png,dataset-new/kerupuk/sellable/kerupuk_4 (2).png,dataset-scrape,incoming,Imported from manual incoming batch inventory.
manual_batch_000290,manual,kerupuk_sellable_batch_01,dataset-scrape,dataset_scrape_manual,manual_batch,kerupuk,kerupuk,sellable,layak_jual,batch_01,kerupuk_4 (3).png,dataset-new/kerupuk/sellable/kerupuk_4 (3).png,dataset-scrape,incoming,Imported from manual incoming batch inventory.
manual_batch_000291,manual,kerupuk_sellable_batch_01,dataset-scrape,dataset_scrape_manual,manual_batch,kerupuk,kerupuk,sellable,layak_jual,batch_01,kerupuk_4 (4).png,dataset-new/kerupuk/sellable/kerupuk_4 (4).png,dataset-scrape,incoming,Imported from manual incoming batch inventory.
manual_batch_000292,manual,kerupuk_sellable_batch_01,dataset-scrape,dataset_scrape_manual,manual_batch,kerupuk,kerupuk,sellable,layak_jual,batch_01,kerupuk_4 (5).png,dataset-new/kerupuk/sellable/kerupuk_4 (5).png,dataset-scrape,incoming,Imported from manual incoming batch inventory.
manual_batch_000293,manual,kerupuk_sellable_batch_01,dataset-scrape,dataset_scrape_manual,manual_batch,kerupuk,kerupuk,sellable,layak_jual,batch_01,kerupuk_4.png,dataset-new/kerupuk/sellable/kerupuk_4.png,dataset-scrape,incoming,Imported from manual incoming batch inventory.
manual_batch_000294,manual,kerupuk_sellable_batch_01,dataset-scrape,dataset_scrape_manual,manual_batch,kerupuk,kerupuk,sellable,layak_jual,batch_01,kerupuk_5 (1).png,dataset-new/kerupuk/sellable/kerupuk_5 (1).png,dataset-scrape,incoming,Imported from manual incoming batch inventory.
manual_batch_000295,manual,kerupuk_sellable_batch_01,dataset-scrape,dataset_scrape_manual,manual_batch,kerupuk,kerupuk,sellable,layak_jual,batch_01,kerupuk_5 (2).png,dataset-new/kerupuk/sellable/kerupuk_5 (2).png,dataset-scrape,incoming,Imported from manual incoming batch inventory.
manual_batch_000296,manual,kerupuk_sellable_batch_01,dataset-scrape,dataset_scrape_manual,manual_batch,kerupuk,kerupuk,sellable,layak_jual,batch_01,kerupuk_5 (3).png,dataset-new/kerupuk/sellable/kerupuk_5 (3).png,dataset-scrape,incoming,Imported from manual incoming batch inventory.
manual_batch_000297,manual,kerupuk_sellable_batch_01,dataset-scrape,dataset_scrape_manual,manual_batch,kerupuk,kerupuk,sellable,layak_jual,batch_01,kerupuk_5 (4).png,dataset-new/kerupuk/sellable/kerupuk_5 (4).png,dataset-scrape,incoming,Imported from manual incoming batch inventory.
manual_batch_000298,manual,kerupuk_sellable_batch_01,dataset-scrape,dataset_scrape_manual,manual_batch,kerupuk,kerupuk,sellable,layak_jual,batch_01,kerupuk_5 (5).png,dataset-new/kerupuk/sellable/kerupuk_5 (5).png,dataset-scrape,incoming,Imported from manual incoming batch inventory.
manual_batch_000299,manual,kerupuk_sellable_batch_01,dataset-scrape,dataset_scrape_manual,manual_batch,kerupuk,kerupuk,sellable,layak_jual,batch_01,kerupuk_5.png,dataset-new/kerupuk/sellable/kerupuk_5.png,dataset-scrape,incoming,Imported from manual incoming batch inventory.
manual_batch_000300,manual,kerupuk_sellable_batch_01,dataset-scrape,dataset_scrape_manual,manual_batch,kerupuk,kerupuk,sellable,layak_jual,batch_01,kerupuk_6 (1).png,dataset-new/kerupuk/sellable/kerupuk_6 (1).png,dataset-scrape,incoming,Imported from manual incoming batch inventory.
manual_batch_000301,manual,kerupuk_sellable_batch_01,dataset-scrape,dataset_scrape_manual,manual_batch,kerupuk,kerupuk,sellable,layak_jual,batch_01,kerupuk_6 (2).png,dataset-new/kerupuk/sellable/kerupuk_6 (2).png,dataset-scrape,incoming,Imported from manual incoming batch inventory.
manual_batch_000302,manual,kerupuk_sellable_batch_01,dataset-scrape,dataset_scrape_manual,manual_batch,kerupuk,kerupuk,sellable,layak_jual,batch_01,kerupuk_6 (3).png,dataset-new/kerupuk/sellable/kerupuk_6 (3).png,dataset-scrape,incoming,Imported from manual incoming batch inventory.
manual_batch_000303,manual,kerupuk_sellable_batch_01,dataset-scrape,dataset_scrape_manual,manual_batch,kerupuk,kerupuk,sellable,layak_jual,batch_01,kerupuk_6.png,dataset-new/kerupuk/sellable/kerupuk_6.png,dataset-scrape,incoming,Imported from manual incoming batch inventory.
manual_batch_000304,manual,kerupuk_sellable_batch_01,dataset-scrape,dataset_scrape_manual,manual_batch,kerupuk,kerupuk,sellable,layak_jual,batch_01,krupuk-kulit-skin-crackers-traditional-indonesian-cattle-skin-krupuk-cracker-traditionally-made-soft-inner-315269327.webp,dataset-new/kerupuk/sellable/krupuk-kulit-skin-crackers-traditional-indonesian-cattle-skin-krupuk-cracker-traditionally-made-soft-inner-315269327.webp,dataset-scrape,incoming,Imported from manual incoming batch inventory.
manual_batch_000305,manual,kerupuk_sellable_batch_01,dataset-scrape,dataset_scrape_manual,manual_batch,kerupuk,kerupuk,sellable,layak_jual,batch_01,ogEgGevd7IrgIIkKHALALEfAEmbSJAUeDD6A6b~tplv-sdweummd6v-text-logo-v1_QHMxczBsMTM=_q75.jpeg,dataset-new/kerupuk/sellable/ogEgGevd7IrgIIkKHALALEfAEmbSJAUeDD6A6b~tplv-sdweummd6v-text-logo-v1_QHMxczBsMTM=_q75.jpeg,dataset-scrape,incoming,Imported from manual incoming batch inventory.
manual_batch_000306,manual,kerupuk_sellable_batch_01,dataset-scrape,dataset_scrape_manual,manual_batch,kerupuk,kerupuk,sellable,layak_jual,batch_01,stock-photo-bacon-chips-texture-background-puff-crisps-puffs-spices-crunchy-rice.jpeg,dataset-new/kerupuk/sellable/stock-photo-bacon-chips-texture-background-puff-crisps-puffs-spices-crunchy-rice.jpeg,dataset-scrape,incoming,Imported from manual incoming batch inventory.
manual_batch_000307,manual,kerupuk_sellable_batch_01,dataset-scrape,dataset_scrape_manual,manual_batch,kerupuk,kerupuk,sellable,layak_jual,batch_01,textured-close-up-of-a-stack-of-pink-kerupuk-photo.jpg,dataset-new/kerupuk/sellable/textured-close-up-of-a-stack-of-pink-kerupuk-photo.jpg,dataset-scrape,incoming,Imported from manual incoming batch inventory.
manual_batch_000308,manual,kerupuk_sellable_batch_01,dataset-scrape,dataset_scrape_manual,manual_batch,kerupuk,kerupuk,sellable,layak_jual,batch_01,the-of-kerupuk-is-a-typical-indonesian-raw-food-with-various-colors-andgraphed-up-close-photo.jpg,dataset-new/kerupuk/sellable/the-of-kerupuk-is-a-typical-indonesian-raw-food-with-various-colors-andgraphed-up-close-photo.jpg,dataset-scrape,incoming,Imported from manual incoming batch inventory.
manual_batch_000309,manual,kukis_non_sellable_batch_01,dataset-scrape,dataset_scrape_manual,manual_batch,kukis,biskuit_kukis,non_sellable,tidak_layak_jual,batch_01,1_gosong (1).png,dataset-new/kukis/non_sellable/1_gosong (1).png,dataset-scrape,incoming,Imported from manual incoming batch inventory.
manual_batch_000310,manual,kukis_non_sellable_batch_01,dataset-scrape,dataset_scrape_manual,manual_batch,kukis,biskuit_kukis,non_sellable,tidak_layak_jual,batch_01,1_gosong.png,dataset-new/kukis/non_sellable/1_gosong.png,dataset-scrape,incoming,Imported from manual incoming batch inventory.
manual_batch_000311,manual,kukis_non_sellable_batch_01,dataset-scrape,dataset_scrape_manual,manual_batch,kukis,biskuit_kukis,non_sellable,tidak_layak_jual,batch_01,2_bercak_a (1).png,dataset-new/kukis/non_sellable/2_bercak_a (1).png,dataset-scrape,incoming,Imported from manual incoming batch inventory.
manual_batch_000312,manual,kukis_non_sellable_batch_01,dataset-scrape,dataset_scrape_manual,manual_batch,kukis,biskuit_kukis,non_sellable,tidak_layak_jual,batch_01,2_bercak_a.png,dataset-new/kukis/non_sellable/2_bercak_a.png,dataset-scrape,incoming,Imported from manual incoming batch inventory.
manual_batch_000313,manual,kukis_non_sellable_batch_01,dataset-scrape,dataset_scrape_manual,manual_batch,kukis,biskuit_kukis,non_sellable,tidak_layak_jual,batch_01,3_bercak_b (1).png,dataset-new/kukis/non_sellable/3_bercak_b (1).png,dataset-scrape,incoming,Imported from manual incoming batch inventory.
manual_batch_000314,manual,kukis_non_sellable_batch_01,dataset-scrape,dataset_scrape_manual,manual_batch,kukis,biskuit_kukis,non_sellable,tidak_layak_jual,batch_01,3_bercak_b.png,dataset-new/kukis/non_sellable/3_bercak_b.png,dataset-scrape,incoming,Imported from manual incoming batch inventory.
manual_batch_000315,manual,kukis_non_sellable_batch_01,dataset-scrape,dataset_scrape_manual,manual_batch,kukis,biskuit_kukis,non_sellable,tidak_layak_jual,batch_01,4_hancur_pecah (1).png,dataset-new/kukis/non_sellable/4_hancur_pecah (1).png,dataset-scrape,incoming,Imported from manual incoming batch inventory.
manual_batch_000316,manual,kukis_non_sellable_batch_01,dataset-scrape,dataset_scrape_manual,manual_batch,kukis,biskuit_kukis,non_sellable,tidak_layak_jual,batch_01,4_hancur_pecah.png,dataset-new/kukis/non_sellable/4_hancur_pecah.png,dataset-scrape,incoming,Imported from manual incoming batch inventory.
manual_batch_000317,manual,kukis_non_sellable_batch_01,dataset-scrape,dataset_scrape_manual,manual_batch,kukis,biskuit_kukis,non_sellable,tidak_layak_jual,batch_01,5_jamur (1).png,dataset-new/kukis/non_sellable/5_jamur (1).png,dataset-scrape,incoming,Imported from manual incoming batch inventory.
manual_batch_000318,manual,kukis_non_sellable_batch_01,dataset-scrape,dataset_scrape_manual,manual_batch,kukis,biskuit_kukis,non_sellable,tidak_layak_jual,batch_01,5_jamur.png,dataset-new/kukis/non_sellable/5_jamur.png,dataset-scrape,incoming,Imported from manual incoming batch inventory.
manual_batch_000319,manual,kukis_non_sellable_batch_01,dataset-scrape,dataset_scrape_manual,manual_batch,kukis,biskuit_kukis,non_sellable,tidak_layak_jual,batch_01,burnt_cookie_1.png,dataset-new/kukis/non_sellable/burnt_cookie_1.png,dataset-scrape,incoming,Imported from manual incoming batch inventory.
manual_batch_000320,manual,kukis_non_sellable_batch_01,dataset-scrape,dataset_scrape_manual,manual_batch,kukis,biskuit_kukis,non_sellable,tidak_layak_jual,batch_01,burnt_cookie_2.png,dataset-new/kukis/non_sellable/burnt_cookie_2.png,dataset-scrape,incoming,Imported from manual incoming batch inventory.
manual_batch_000321,manual,kukis_non_sellable_batch_01,dataset-scrape,dataset_scrape_manual,manual_batch,kukis,biskuit_kukis,non_sellable,tidak_layak_jual,batch_01,burnt_cookie_3.png,dataset-new/kukis/non_sellable/burnt_cookie_3.png,dataset-scrape,incoming,Imported from manual incoming batch inventory.
manual_batch_000322,manual,kukis_non_sellable_batch_01,dataset-scrape,dataset_scrape_manual,manual_batch,kukis,biskuit_kukis,non_sellable,tidak_layak_jual,batch_01,burnt_cookie_4.png,dataset-new/kukis/non_sellable/burnt_cookie_4.png,dataset-scrape,incoming,Imported from manual incoming batch inventory.
manual_batch_000323,manual,kukis_non_sellable_batch_01,dataset-scrape,dataset_scrape_manual,manual_batch,kukis,biskuit_kukis,non_sellable,tidak_layak_jual,batch_01,burnt_cookie_5.png,dataset-new/kukis/non_sellable/burnt_cookie_5.png,dataset-scrape,incoming,Imported from manual incoming batch inventory.
manual_batch_000324,manual,kukis_non_sellable_batch_01,dataset-scrape,dataset_scrape_manual,manual_batch,kukis,biskuit_kukis,non_sellable,tidak_layak_jual,batch_01,cookie_1 (1).png,dataset-new/kukis/non_sellable/cookie_1 (1).png,dataset-scrape,incoming,Imported from manual incoming batch inventory.
manual_batch_000325,manual,kukis_non_sellable_batch_01,dataset-scrape,dataset_scrape_manual,manual_batch,kukis,biskuit_kukis,non_sellable,tidak_layak_jual,batch_01,cookie_1.png,dataset-new/kukis/non_sellable/cookie_1.png,dataset-scrape,incoming,Imported from manual incoming batch inventory.
manual_batch_000326,manual,kukis_non_sellable_batch_01,dataset-scrape,dataset_scrape_manual,manual_batch,kukis,biskuit_kukis,non_sellable,tidak_layak_jual,batch_01,cookie_1_gosong (1).png,dataset-new/kukis/non_sellable/cookie_1_gosong (1).png,dataset-scrape,incoming,Imported from manual incoming batch inventory.
manual_batch_000327,manual,kukis_non_sellable_batch_01,dataset-scrape,dataset_scrape_manual,manual_batch,kukis,biskuit_kukis,non_sellable,tidak_layak_jual,batch_01,cookie_1_gosong.png,dataset-new/kukis/non_sellable/cookie_1_gosong.png,dataset-scrape,incoming,Imported from manual incoming batch inventory.
manual_batch_000328,manual,kukis_non_sellable_batch_01,dataset-scrape,dataset_scrape_manual,manual_batch,kukis,biskuit_kukis,non_sellable,tidak_layak_jual,batch_01,cookie_2 (1).png,dataset-new/kukis/non_sellable/cookie_2 (1).png,dataset-scrape,incoming,Imported from manual incoming batch inventory.
manual_batch_000329,manual,kukis_non_sellable_batch_01,dataset-scrape,dataset_scrape_manual,manual_batch,kukis,biskuit_kukis,non_sellable,tidak_layak_jual,batch_01,cookie_2.png,dataset-new/kukis/non_sellable/cookie_2.png,dataset-scrape,incoming,Imported from manual incoming batch inventory.
manual_batch_000330,manual,kukis_non_sellable_batch_01,dataset-scrape,dataset_scrape_manual,manual_batch,kukis,biskuit_kukis,non_sellable,tidak_layak_jual,batch_01,cookie_2_bercak (1).png,dataset-new/kukis/non_sellable/cookie_2_bercak (1).png,dataset-scrape,incoming,Imported from manual incoming batch inventory.
manual_batch_000331,manual,kukis_non_sellable_batch_01,dataset-scrape,dataset_scrape_manual,manual_batch,kukis,biskuit_kukis,non_sellable,tidak_layak_jual,batch_01,cookie_2_bercak.png,dataset-new/kukis/non_sellable/cookie_2_bercak.png,dataset-scrape,incoming,Imported from manual incoming batch inventory.
manual_batch_000332,manual,kukis_non_sellable_batch_01,dataset-scrape,dataset_scrape_manual,manual_batch,kukis,biskuit_kukis,non_sellable,tidak_layak_jual,batch_01,cookie_3 (1).png,dataset-new/kukis/non_sellable/cookie_3 (1).png,dataset-scrape,incoming,Imported from manual incoming batch inventory.
manual_batch_000333,manual,kukis_non_sellable_batch_01,dataset-scrape,dataset_scrape_manual,manual_batch,kukis,biskuit_kukis,non_sellable,tidak_layak_jual,batch_01,cookie_3.png,dataset-new/kukis/non_sellable/cookie_3.png,dataset-scrape,incoming,Imported from manual incoming batch inventory.
manual_batch_000334,manual,kukis_non_sellable_batch_01,dataset-scrape,dataset_scrape_manual,manual_batch,kukis,biskuit_kukis,non_sellable,tidak_layak_jual,batch_01,cookie_3_bercak (1).png,dataset-new/kukis/non_sellable/cookie_3_bercak (1).png,dataset-scrape,incoming,Imported from manual incoming batch inventory.
manual_batch_000335,manual,kukis_non_sellable_batch_01,dataset-scrape,dataset_scrape_manual,manual_batch,kukis,biskuit_kukis,non_sellable,tidak_layak_jual,batch_01,cookie_3_bercak.png,dataset-new/kukis/non_sellable/cookie_3_bercak.png,dataset-scrape,incoming,Imported from manual incoming batch inventory.
manual_batch_000336,manual,kukis_non_sellable_batch_01,dataset-scrape,dataset_scrape_manual,manual_batch,kukis,biskuit_kukis,non_sellable,tidak_layak_jual,batch_01,cookie_4 (1).png,dataset-new/kukis/non_sellable/cookie_4 (1).png,dataset-scrape,incoming,Imported from manual incoming batch inventory.
manual_batch_000337,manual,kukis_non_sellable_batch_01,dataset-scrape,dataset_scrape_manual,manual_batch,kukis,biskuit_kukis,non_sellable,tidak_layak_jual,batch_01,cookie_4.png,dataset-new/kukis/non_sellable/cookie_4.png,dataset-scrape,incoming,Imported from manual incoming batch inventory.
manual_batch_000338,manual,kukis_non_sellable_batch_01,dataset-scrape,dataset_scrape_manual,manual_batch,kukis,biskuit_kukis,non_sellable,tidak_layak_jual,batch_01,cookie_4_hancur.png,dataset-new/kukis/non_sellable/cookie_4_hancur.png,dataset-scrape,incoming,Imported from manual incoming batch inventory.
manual_batch_000339,manual,kukis_non_sellable_batch_01,dataset-scrape,dataset_scrape_manual,manual_batch,kukis,biskuit_kukis,non_sellable,tidak_layak_jual,batch_01,cookie_4_pecah.png,dataset-new/kukis/non_sellable/cookie_4_pecah.png,dataset-scrape,incoming,Imported from manual incoming batch inventory.
manual_batch_000340,manual,kukis_non_sellable_batch_01,dataset-scrape,dataset_scrape_manual,manual_batch,kukis,biskuit_kukis,non_sellable,tidak_layak_jual,batch_01,cookie_5 (1).png,dataset-new/kukis/non_sellable/cookie_5 (1).png,dataset-scrape,incoming,Imported from manual incoming batch inventory.
manual_batch_000341,manual,kukis_non_sellable_batch_01,dataset-scrape,dataset_scrape_manual,manual_batch,kukis,biskuit_kukis,non_sellable,tidak_layak_jual,batch_01,cookie_5.png,dataset-new/kukis/non_sellable/cookie_5.png,dataset-scrape,incoming,Imported from manual incoming batch inventory.
manual_batch_000342,manual,kukis_non_sellable_batch_01,dataset-scrape,dataset_scrape_manual,manual_batch,kukis,biskuit_kukis,non_sellable,tidak_layak_jual,batch_01,cookie_5_jamur (1).png,dataset-new/kukis/non_sellable/cookie_5_jamur (1).png,dataset-scrape,incoming,Imported from manual incoming batch inventory.
manual_batch_000343,manual,kukis_non_sellable_batch_01,dataset-scrape,dataset_scrape_manual,manual_batch,kukis,biskuit_kukis,non_sellable,tidak_layak_jual,batch_01,cookie_5_jamur.png,dataset-new/kukis/non_sellable/cookie_5_jamur.png,dataset-scrape,incoming,Imported from manual incoming batch inventory.
manual_batch_000344,manual,kukis_non_sellable_batch_01,dataset-scrape,dataset_scrape_manual,manual_batch,kukis,biskuit_kukis,non_sellable,tidak_layak_jual,batch_01,damaged_cookie_1.png,dataset-new/kukis/non_sellable/damaged_cookie_1.png,dataset-scrape,incoming,Imported from manual incoming batch inventory.
manual_batch_000345,manual,kukis_non_sellable_batch_01,dataset-scrape,dataset_scrape_manual,manual_batch,kukis,biskuit_kukis,non_sellable,tidak_layak_jual,batch_01,damaged_cookie_2.png,dataset-new/kukis/non_sellable/damaged_cookie_2.png,dataset-scrape,incoming,Imported from manual incoming batch inventory.
manual_batch_000346,manual,kukis_non_sellable_batch_01,dataset-scrape,dataset_scrape_manual,manual_batch,kukis,biskuit_kukis,non_sellable,tidak_layak_jual,batch_01,damaged_cookie_3.png,dataset-new/kukis/non_sellable/damaged_cookie_3.png,dataset-scrape,incoming,Imported from manual incoming batch inventory.
manual_batch_000347,manual,kukis_non_sellable_batch_01,dataset-scrape,dataset_scrape_manual,manual_batch,kukis,biskuit_kukis,non_sellable,tidak_layak_jual,batch_01,damaged_cookie_4.png,dataset-new/kukis/non_sellable/damaged_cookie_4.png,dataset-scrape,incoming,Imported from manual incoming batch inventory.
manual_batch_000348,manual,kukis_non_sellable_batch_01,dataset-scrape,dataset_scrape_manual,manual_batch,kukis,biskuit_kukis,non_sellable,tidak_layak_jual,batch_01,damaged_cookie_5.png,dataset-new/kukis/non_sellable/damaged_cookie_5.png,dataset-scrape,incoming,Imported from manual incoming batch inventory.
manual_batch_000349,manual,kukis_non_sellable_batch_01,dataset-scrape,dataset_scrape_manual,manual_batch,kukis,biskuit_kukis,non_sellable,tidak_layak_jual,batch_01,hangus_1.png,dataset-new/kukis/non_sellable/hangus_1.png,dataset-scrape,incoming,Imported from manual incoming batch inventory.
manual_batch_000350,manual,kukis_non_sellable_batch_01,dataset-scrape,dataset_scrape_manual,manual_batch,kukis,biskuit_kukis,non_sellable,tidak_layak_jual,batch_01,hangus_2.png,dataset-new/kukis/non_sellable/hangus_2.png,dataset-scrape,incoming,Imported from manual incoming batch inventory.
manual_batch_000351,manual,kukis_non_sellable_batch_01,dataset-scrape,dataset_scrape_manual,manual_batch,kukis,biskuit_kukis,non_sellable,tidak_layak_jual,batch_01,hangus_3.png,dataset-new/kukis/non_sellable/hangus_3.png,dataset-scrape,incoming,Imported from manual incoming batch inventory.
manual_batch_000352,manual,kukis_non_sellable_batch_01,dataset-scrape,dataset_scrape_manual,manual_batch,kukis,biskuit_kukis,non_sellable,tidak_layak_jual,batch_01,hangus_4.png,dataset-new/kukis/non_sellable/hangus_4.png,dataset-scrape,incoming,Imported from manual incoming batch inventory.
manual_batch_000353,manual,kukis_non_sellable_batch_01,dataset-scrape,dataset_scrape_manual,manual_batch,kukis,biskuit_kukis,non_sellable,tidak_layak_jual,batch_01,hangus_5.png,dataset-new/kukis/non_sellable/hangus_5.png,dataset-scrape,incoming,Imported from manual incoming batch inventory.
manual_batch_000354,manual,kukis_non_sellable_batch_01,dataset-scrape,dataset_scrape_manual,manual_batch,kukis,biskuit_kukis,non_sellable,tidak_layak_jual,batch_01,kukis_1.png,dataset-new/kukis/non_sellable/kukis_1.png,dataset-scrape,incoming,Imported from manual incoming batch inventory.
manual_batch_000355,manual,kukis_non_sellable_batch_01,dataset-scrape,dataset_scrape_manual,manual_batch,kukis,biskuit_kukis,non_sellable,tidak_layak_jual,batch_01,kukis_2.png,dataset-new/kukis/non_sellable/kukis_2.png,dataset-scrape,incoming,Imported from manual incoming batch inventory.
manual_batch_000356,manual,kukis_non_sellable_batch_01,dataset-scrape,dataset_scrape_manual,manual_batch,kukis,biskuit_kukis,non_sellable,tidak_layak_jual,batch_01,kukis_3.png,dataset-new/kukis/non_sellable/kukis_3.png,dataset-scrape,incoming,Imported from manual incoming batch inventory.
manual_batch_000357,manual,kukis_non_sellable_batch_01,dataset-scrape,dataset_scrape_manual,manual_batch,kukis,biskuit_kukis,non_sellable,tidak_layak_jual,batch_01,kukis_4.png,dataset-new/kukis/non_sellable/kukis_4.png,dataset-scrape,incoming,Imported from manual incoming batch inventory.
manual_batch_000358,manual,kukis_non_sellable_batch_01,dataset-scrape,dataset_scrape_manual,manual_batch,kukis,biskuit_kukis,non_sellable,tidak_layak_jual,batch_01,kukis_5.png,dataset-new/kukis/non_sellable/kukis_5.png,dataset-scrape,incoming,Imported from manual incoming batch inventory.
manual_batch_000359,manual,kukis_sellable_batch_01,dataset-scrape,dataset_scrape_manual,manual_batch,kukis,biskuit_kukis,sellable,layak_jual,batch_01,Chewy-Chocolate-Chip-Cookies-139-2-600x600.jpg,dataset-new/kukis/sellable/Chewy-Chocolate-Chip-Cookies-139-2-600x600.jpg,dataset-scrape,incoming,Imported from manual incoming batch inventory.
manual_batch_000360,manual,kukis_sellable_batch_01,dataset-scrape,dataset_scrape_manual,manual_batch,kukis,biskuit_kukis,sellable,layak_jual,batch_01,F056D33B-1F36-456A-A963-50A065FABB52-683x1024.jpeg,dataset-new/kukis/sellable/F056D33B-1F36-456A-A963-50A065FABB52-683x1024.jpeg,dataset-scrape,incoming,Imported from manual incoming batch inventory.
manual_batch_000361,manual,kukis_sellable_batch_01,dataset-scrape,dataset_scrape_manual,manual_batch,kukis,biskuit_kukis,sellable,layak_jual,batch_01,Kitchen-Sink-Cookies-TheShortcutKitchen-9.jpg,dataset-new/kukis/sellable/Kitchen-Sink-Cookies-TheShortcutKitchen-9.jpg,dataset-scrape,incoming,Imported from manual incoming batch inventory.
manual_batch_000362,manual,kukis_sellable_batch_01,dataset-scrape,dataset_scrape_manual,manual_batch,kukis,biskuit_kukis,sellable,layak_jual,batch_01,Soft-Sugar-Cookies-1.jpg,dataset-new/kukis/sellable/Soft-Sugar-Cookies-1.jpg,dataset-scrape,incoming,Imported from manual incoming batch inventory.
manual_batch_000363,manual,kukis_sellable_batch_01,dataset-scrape,dataset_scrape_manual,manual_batch,kukis,biskuit_kukis,sellable,layak_jual,batch_01,box-of-chocolate-cookies-close-up-background-photo.jpg,dataset-new/kukis/sellable/box-of-chocolate-cookies-close-up-background-photo.jpg,dataset-scrape,incoming,Imported from manual incoming batch inventory.
manual_batch_000364,manual,kukis_sellable_batch_01,dataset-scrape,dataset_scrape_manual,manual_batch,kukis,biskuit_kukis,sellable,layak_jual,batch_01,chewy-chocolate-chip-cookies-recipe.jpg,dataset-new/kukis/sellable/chewy-chocolate-chip-cookies-recipe.jpg,dataset-scrape,incoming,Imported from manual incoming batch inventory.
manual_batch_000365,manual,kukis_sellable_batch_01,dataset-scrape,dataset_scrape_manual,manual_batch,kukis,biskuit_kukis,sellable,layak_jual,batch_01,chocolate-chip-cookies-close-on-260nw-2220481493.webp,dataset-new/kukis/sellable/chocolate-chip-cookies-close-on-260nw-2220481493.webp,dataset-scrape,incoming,Imported from manual incoming batch inventory.
manual_batch_000366,manual,kukis_sellable_batch_01,dataset-scrape,dataset_scrape_manual,manual_batch,kukis,biskuit_kukis,sellable,layak_jual,batch_01,closeup-top-view-chocolate-chip-260nw-1870795039.webp,dataset-new/kukis/sellable/closeup-top-view-chocolate-chip-260nw-1870795039.webp,dataset-scrape,incoming,Imported from manual incoming batch inventory.
manual_batch_000367,manual,kukis_sellable_batch_01,dataset-scrape,dataset_scrape_manual,manual_batch,kukis,biskuit_kukis,sellable,layak_jual,batch_01,cookie-close-up-with-sharp-tasty-details-photo.jpg,dataset-new/kukis/sellable/cookie-close-up-with-sharp-tasty-details-photo.jpg,dataset-scrape,incoming,Imported from manual incoming batch inventory.
manual_batch_000368,manual,kukis_sellable_batch_01,dataset-scrape,dataset_scrape_manual,manual_batch,kukis,biskuit_kukis,sellable,layak_jual,batch_01,cookie_1 (1).png,dataset-new/kukis/sellable/cookie_1 (1).png,dataset-scrape,incoming,Imported from manual incoming batch inventory.
manual_batch_000369,manual,kukis_sellable_batch_01,dataset-scrape,dataset_scrape_manual,manual_batch,kukis,biskuit_kukis,sellable,layak_jual,batch_01,cookie_1 (2).png,dataset-new/kukis/sellable/cookie_1 (2).png,dataset-scrape,incoming,Imported from manual incoming batch inventory.
manual_batch_000370,manual,kukis_sellable_batch_01,dataset-scrape,dataset_scrape_manual,manual_batch,kukis,biskuit_kukis,sellable,layak_jual,batch_01,cookie_1 (3).png,dataset-new/kukis/sellable/cookie_1 (3).png,dataset-scrape,incoming,Imported from manual incoming batch inventory.
manual_batch_000371,manual,kukis_sellable_batch_01,dataset-scrape,dataset_scrape_manual,manual_batch,kukis,biskuit_kukis,sellable,layak_jual,batch_01,cookie_1.png,dataset-new/kukis/sellable/cookie_1.png,dataset-scrape,incoming,Imported from manual incoming batch inventory.
manual_batch_000372,manual,kukis_sellable_batch_01,dataset-scrape,dataset_scrape_manual,manual_batch,kukis,biskuit_kukis,sellable,layak_jual,batch_01,cookie_2 (1).png,dataset-new/kukis/sellable/cookie_2 (1).png,dataset-scrape,incoming,Imported from manual incoming batch inventory.
manual_batch_000373,manual,kukis_sellable_batch_01,dataset-scrape,dataset_scrape_manual,manual_batch,kukis,biskuit_kukis,sellable,layak_jual,batch_01,cookie_2 (2).png,dataset-new/kukis/sellable/cookie_2 (2).png,dataset-scrape,incoming,Imported from manual incoming batch inventory.
manual_batch_000374,manual,kukis_sellable_batch_01,dataset-scrape,dataset_scrape_manual,manual_batch,kukis,biskuit_kukis,sellable,layak_jual,batch_01,cookie_2 (3).png,dataset-new/kukis/sellable/cookie_2 (3).png,dataset-scrape,incoming,Imported from manual incoming batch inventory.
manual_batch_000375,manual,kukis_sellable_batch_01,dataset-scrape,dataset_scrape_manual,manual_batch,kukis,biskuit_kukis,sellable,layak_jual,batch_01,cookie_2.png,dataset-new/kukis/sellable/cookie_2.png,dataset-scrape,incoming,Imported from manual incoming batch inventory.
manual_batch_000376,manual,kukis_sellable_batch_01,dataset-scrape,dataset_scrape_manual,manual_batch,kukis,biskuit_kukis,sellable,layak_jual,batch_01,cookie_3 (1).png,dataset-new/kukis/sellable/cookie_3 (1).png,dataset-scrape,incoming,Imported from manual incoming batch inventory.
manual_batch_000377,manual,kukis_sellable_batch_01,dataset-scrape,dataset_scrape_manual,manual_batch,kukis,biskuit_kukis,sellable,layak_jual,batch_01,cookie_3 (2).png,dataset-new/kukis/sellable/cookie_3 (2).png,dataset-scrape,incoming,Imported from manual incoming batch inventory.
manual_batch_000378,manual,kukis_sellable_batch_01,dataset-scrape,dataset_scrape_manual,manual_batch,kukis,biskuit_kukis,sellable,layak_jual,batch_01,cookie_3 (3).png,dataset-new/kukis/sellable/cookie_3 (3).png,dataset-scrape,incoming,Imported from manual incoming batch inventory.
manual_batch_000379,manual,kukis_sellable_batch_01,dataset-scrape,dataset_scrape_manual,manual_batch,kukis,biskuit_kukis,sellable,layak_jual,batch_01,cookie_3.png,dataset-new/kukis/sellable/cookie_3.png,dataset-scrape,incoming,Imported from manual incoming batch inventory.
manual_batch_000380,manual,kukis_sellable_batch_01,dataset-scrape,dataset_scrape_manual,manual_batch,kukis,biskuit_kukis,sellable,layak_jual,batch_01,cookie_4 (1).png,dataset-new/kukis/sellable/cookie_4 (1).png,dataset-scrape,incoming,Imported from manual incoming batch inventory.
manual_batch_000381,manual,kukis_sellable_batch_01,dataset-scrape,dataset_scrape_manual,manual_batch,kukis,biskuit_kukis,sellable,layak_jual,batch_01,cookie_4 (2).png,dataset-new/kukis/sellable/cookie_4 (2).png,dataset-scrape,incoming,Imported from manual incoming batch inventory.
manual_batch_000382,manual,kukis_sellable_batch_01,dataset-scrape,dataset_scrape_manual,manual_batch,kukis,biskuit_kukis,sellable,layak_jual,batch_01,cookie_4 (3).png,dataset-new/kukis/sellable/cookie_4 (3).png,dataset-scrape,incoming,Imported from manual incoming batch inventory.
manual_batch_000383,manual,kukis_sellable_batch_01,dataset-scrape,dataset_scrape_manual,manual_batch,kukis,biskuit_kukis,sellable,layak_jual,batch_01,cookie_4.png,dataset-new/kukis/sellable/cookie_4.png,dataset-scrape,incoming,Imported from manual incoming batch inventory.
manual_batch_000384,manual,kukis_sellable_batch_01,dataset-scrape,dataset_scrape_manual,manual_batch,kukis,biskuit_kukis,sellable,layak_jual,batch_01,cookie_5 (1).png,dataset-new/kukis/sellable/cookie_5 (1).png,dataset-scrape,incoming,Imported from manual incoming batch inventory.
manual_batch_000385,manual,kukis_sellable_batch_01,dataset-scrape,dataset_scrape_manual,manual_batch,kukis,biskuit_kukis,sellable,layak_jual,batch_01,cookie_5 (2).png,dataset-new/kukis/sellable/cookie_5 (2).png,dataset-scrape,incoming,Imported from manual incoming batch inventory.
manual_batch_000386,manual,kukis_sellable_batch_01,dataset-scrape,dataset_scrape_manual,manual_batch,kukis,biskuit_kukis,sellable,layak_jual,batch_01,cookie_5 (3).png,dataset-new/kukis/sellable/cookie_5 (3).png,dataset-scrape,incoming,Imported from manual incoming batch inventory.
manual_batch_000387,manual,kukis_sellable_batch_01,dataset-scrape,dataset_scrape_manual,manual_batch,kukis,biskuit_kukis,sellable,layak_jual,batch_01,cookie_5.png,dataset-new/kukis/sellable/cookie_5.png,dataset-scrape,incoming,Imported from manual incoming batch inventory.
manual_batch_000388,manual,kukis_sellable_batch_01,dataset-scrape,dataset_scrape_manual,manual_batch,kukis,biskuit_kukis,sellable,layak_jual,batch_01,cookies-and-cream-cookies.webp,dataset-new/kukis/sellable/cookies-and-cream-cookies.webp,dataset-scrape,incoming,Imported from manual incoming batch inventory.
manual_batch_000389,manual,kukis_sellable_batch_01,dataset-scrape,dataset_scrape_manual,manual_batch,kukis,biskuit_kukis,sellable,layak_jual,batch_01,danish-shortbread-cookies-closeup-macro-260nw-2571374881.webp,dataset-new/kukis/sellable/danish-shortbread-cookies-closeup-macro-260nw-2571374881.webp,dataset-scrape,incoming,Imported from manual incoming batch inventory.
manual_batch_000390,manual,kukis_sellable_batch_01,dataset-scrape,dataset_scrape_manual,manual_batch,kukis,biskuit_kukis,sellable,layak_jual,batch_01,images (1).jpeg,dataset-new/kukis/sellable/images (1).jpeg,dataset-scrape,incoming,Imported from manual incoming batch inventory.
manual_batch_000391,manual,kukis_sellable_batch_01,dataset-scrape,dataset_scrape_manual,manual_batch,kukis,biskuit_kukis,sellable,layak_jual,batch_01,images.jpeg,dataset-new/kukis/sellable/images.jpeg,dataset-scrape,incoming,Imported from manual incoming batch inventory.
manual_batch_000392,manual,kukis_sellable_batch_01,dataset-scrape,dataset_scrape_manual,manual_batch,kukis,biskuit_kukis,sellable,layak_jual,batch_01,istockphoto-1423078131-1024x1024.jpg,dataset-new/kukis/sellable/istockphoto-1423078131-1024x1024.jpg,dataset-scrape,incoming,Imported from manual incoming batch inventory.
manual_batch_000393,manual,kukis_sellable_batch_01,dataset-scrape,dataset_scrape_manual,manual_batch,kukis,biskuit_kukis,sellable,layak_jual,batch_01,istockphoto-1483623503-612x612.jpg,dataset-new/kukis/sellable/istockphoto-1483623503-612x612.jpg,dataset-scrape,incoming,Imported from manual incoming batch inventory.
manual_batch_000394,manual,kukis_sellable_batch_01,dataset-scrape,dataset_scrape_manual,manual_batch,kukis,biskuit_kukis,sellable,layak_jual,batch_01,istockphoto-157615724-612x612.jpg,dataset-new/kukis/sellable/istockphoto-157615724-612x612.jpg,dataset-scrape,incoming,Imported from manual incoming batch inventory.
manual_batch_000395,manual,kukis_sellable_batch_01,dataset-scrape,dataset_scrape_manual,manual_batch,kukis,biskuit_kukis,sellable,layak_jual,batch_01,istockphoto-695744052-1024x1024.jpg,dataset-new/kukis/sellable/istockphoto-695744052-1024x1024.jpg,dataset-scrape,incoming,Imported from manual incoming batch inventory.
manual_batch_000396,manual,kukis_sellable_batch_01,dataset-scrape,dataset_scrape_manual,manual_batch,kukis,biskuit_kukis,sellable,layak_jual,batch_01,kukis_1 (1).png,dataset-new/kukis/sellable/kukis_1 (1).png,dataset-scrape,incoming,Imported from manual incoming batch inventory.
manual_batch_000397,manual,kukis_sellable_batch_01,dataset-scrape,dataset_scrape_manual,manual_batch,kukis,biskuit_kukis,sellable,layak_jual,batch_01,kukis_1.png,dataset-new/kukis/sellable/kukis_1.png,dataset-scrape,incoming,Imported from manual incoming batch inventory.
manual_batch_000398,manual,kukis_sellable_batch_01,dataset-scrape,dataset_scrape_manual,manual_batch,kukis,biskuit_kukis,sellable,layak_jual,batch_01,kukis_2 (1).png,dataset-new/kukis/sellable/kukis_2 (1).png,dataset-scrape,incoming,Imported from manual incoming batch inventory.
manual_batch_000399,manual,kukis_sellable_batch_01,dataset-scrape,dataset_scrape_manual,manual_batch,kukis,biskuit_kukis,sellable,layak_jual,batch_01,kukis_2.png,dataset-new/kukis/sellable/kukis_2.png,dataset-scrape,incoming,Imported from manual incoming batch inventory.
manual_batch_000400,manual,kukis_sellable_batch_01,dataset-scrape,dataset_scrape_manual,manual_batch,kukis,biskuit_kukis,sellable,layak_jual,batch_01,kukis_3 (1).png,dataset-new/kukis/sellable/kukis_3 (1).png,dataset-scrape,incoming,Imported from manual incoming batch inventory.
manual_batch_000401,manual,kukis_sellable_batch_01,dataset-scrape,dataset_scrape_manual,manual_batch,kukis,biskuit_kukis,sellable,layak_jual,batch_01,kukis_3.png,dataset-new/kukis/sellable/kukis_3.png,dataset-scrape,incoming,Imported from manual incoming batch inventory.
manual_batch_000402,manual,kukis_sellable_batch_01,dataset-scrape,dataset_scrape_manual,manual_batch,kukis,biskuit_kukis,sellable,layak_jual,batch_01,kukis_4 (1).png,dataset-new/kukis/sellable/kukis_4 (1).png,dataset-scrape,incoming,Imported from manual incoming batch inventory.
manual_batch_000403,manual,kukis_sellable_batch_01,dataset-scrape,dataset_scrape_manual,manual_batch,kukis,biskuit_kukis,sellable,layak_jual,batch_01,kukis_4.png,dataset-new/kukis/sellable/kukis_4.png,dataset-scrape,incoming,Imported from manual incoming batch inventory.
manual_batch_000404,manual,kukis_sellable_batch_01,dataset-scrape,dataset_scrape_manual,manual_batch,kukis,biskuit_kukis,sellable,layak_jual,batch_01,kukis_5 (1).png,dataset-new/kukis/sellable/kukis_5 (1).png,dataset-scrape,incoming,Imported from manual incoming batch inventory.
manual_batch_000405,manual,kukis_sellable_batch_01,dataset-scrape,dataset_scrape_manual,manual_batch,kukis,biskuit_kukis,sellable,layak_jual,batch_01,kukis_5.png,dataset-new/kukis/sellable/kukis_5.png,dataset-scrape,incoming,Imported from manual incoming batch inventory.
manual_batch_000406,manual,kukis_sellable_batch_01,dataset-scrape,dataset_scrape_manual,manual_batch,kukis,biskuit_kukis,sellable,layak_jual,batch_01,macaron-pink-rosa-pastry-biscuits-romantica.jpg,dataset-new/kukis/sellable/macaron-pink-rosa-pastry-biscuits-romantica.jpg,dataset-scrape,incoming,Imported from manual incoming batch inventory.
manual_batch_000407,manual,kukis_sellable_batch_01,dataset-scrape,dataset_scrape_manual,manual_batch,kukis,biskuit_kukis,sellable,layak_jual,batch_01,pexels-meggy-kadam-aryanto-3797063-12864282.jpg,dataset-new/kukis/sellable/pexels-meggy-kadam-aryanto-3797063-12864282.jpg,dataset-scrape,incoming,Imported from manual incoming batch inventory.
manual_batch_000408,manual,kukis_sellable_batch_01,dataset-scrape,dataset_scrape_manual,manual_batch,kukis,biskuit_kukis,sellable,layak_jual,batch_01,pexels-tima-miroshnichenko-7033821.jpg,dataset-new/kukis/sellable/pexels-tima-miroshnichenko-7033821.jpg,dataset-scrape,incoming,Imported from manual incoming batch inventory.
manual_batch_000409,manual,kukis_sellable_batch_01,dataset-scrape,dataset_scrape_manual,manual_batch,kukis,biskuit_kukis,sellable,layak_jual,batch_01,strawberry-chocolate-chip-cookies-close-up.jpg,dataset-new/kukis/sellable/strawberry-chocolate-chip-cookies-close-up.jpg,dataset-scrape,incoming,Imported from manual incoming batch inventory.
manual_batch_000410,manual,stik_non_sellable_batch_01,dataset-scrape,dataset_scrape_manual,manual_batch,stik,stik,non_sellable,tidak_layak_jual,batch_01,01_stik_bawang_hangus.png,dataset-new/stik/non_sellable/01_stik_bawang_hangus.png,dataset-scrape,incoming,Imported from manual incoming batch inventory.
manual_batch_000411,manual,stik_non_sellable_batch_01,dataset-scrape,dataset_scrape_manual,manual_batch,stik,stik,non_sellable,tidak_layak_jual,batch_01,01_stik_keju_hangus.png,dataset-new/stik/non_sellable/01_stik_keju_hangus.png,dataset-scrape,incoming,Imported from manual incoming batch inventory.
manual_batch_000412,manual,stik_non_sellable_batch_01,dataset-scrape,dataset_scrape_manual,manual_batch,stik,stik,non_sellable,tidak_layak_jual,batch_01,01_stik_singkong_hangus.png,dataset-new/stik/non_sellable/01_stik_singkong_hangus.png,dataset-scrape,incoming,Imported from manual incoming batch inventory.
manual_batch_000413,manual,stik_non_sellable_batch_01,dataset-scrape,dataset_scrape_manual,manual_batch,stik,stik,non_sellable,tidak_layak_jual,batch_01,02_stik_bawang_bercak_parah.png,dataset-new/stik/non_sellable/02_stik_bawang_bercak_parah.png,dataset-scrape,incoming,Imported from manual incoming batch inventory.
manual_batch_000414,manual,stik_non_sellable_batch_01,dataset-scrape,dataset_scrape_manual,manual_batch,stik,stik,non_sellable,tidak_layak_jual,batch_01,02_stik_keju_bercak_1.png,dataset-new/stik/non_sellable/02_stik_keju_bercak_1.png,dataset-scrape,incoming,Imported from manual incoming batch inventory.
manual_batch_000415,manual,stik_non_sellable_batch_01,dataset-scrape,dataset_scrape_manual,manual_batch,stik,stik,non_sellable,tidak_layak_jual,batch_01,02_stik_singkong_bercak_noda.png,dataset-new/stik/non_sellable/02_stik_singkong_bercak_noda.png,dataset-scrape,incoming,Imported from manual incoming batch inventory.
manual_batch_000416,manual,stik_non_sellable_batch_01,dataset-scrape,dataset_scrape_manual,manual_batch,stik,stik,non_sellable,tidak_layak_jual,batch_01,03_stik_bawang_hancur.png,dataset-new/stik/non_sellable/03_stik_bawang_hancur.png,dataset-scrape,incoming,Imported from manual incoming batch inventory.
manual_batch_000417,manual,stik_non_sellable_batch_01,dataset-scrape,dataset_scrape_manual,manual_batch,stik,stik,non_sellable,tidak_layak_jual,batch_01,03_stik_keju_bercak_2.png,dataset-new/stik/non_sellable/03_stik_keju_bercak_2.png,dataset-scrape,incoming,Imported from manual incoming batch inventory.
manual_batch_000418,manual,stik_non_sellable_batch_01,dataset-scrape,dataset_scrape_manual,manual_batch,stik,stik,non_sellable,tidak_layak_jual,batch_01,03_stik_singkong_hancur_pecah.png,dataset-new/stik/non_sellable/03_stik_singkong_hancur_pecah.png,dataset-scrape,incoming,Imported from manual incoming batch inventory.
manual_batch_000419,manual,stik_non_sellable_batch_01,dataset-scrape,dataset_scrape_manual,manual_batch,stik,stik,non_sellable,tidak_layak_jual,batch_01,04_stik_bawang_berjamur_1.png,dataset-new/stik/non_sellable/04_stik_bawang_berjamur_1.png,dataset-scrape,incoming,Imported from manual incoming batch inventory.
manual_batch_000420,manual,stik_non_sellable_batch_01,dataset-scrape,dataset_scrape_manual,manual_batch,stik,stik,non_sellable,tidak_layak_jual,batch_01,04_stik_keju_hancur.png,dataset-new/stik/non_sellable/04_stik_keju_hancur.png,dataset-scrape,incoming,Imported from manual incoming batch inventory.
manual_batch_000421,manual,stik_non_sellable_batch_01,dataset-scrape,dataset_scrape_manual,manual_batch,stik,stik,non_sellable,tidak_layak_jual,batch_01,04_stik_singkong_berjamur_1.png,dataset-new/stik/non_sellable/04_stik_singkong_berjamur_1.png,dataset-scrape,incoming,Imported from manual incoming batch inventory.
manual_batch_000422,manual,stik_non_sellable_batch_01,dataset-scrape,dataset_scrape_manual,manual_batch,stik,stik,non_sellable,tidak_layak_jual,batch_01,05_stik_bawang_berjamur_2.png,dataset-new/stik/non_sellable/05_stik_bawang_berjamur_2.png,dataset-scrape,incoming,Imported from manual incoming batch inventory.
manual_batch_000423,manual,stik_non_sellable_batch_01,dataset-scrape,dataset_scrape_manual,manual_batch,stik,stik,non_sellable,tidak_layak_jual,batch_01,05_stik_keju_berjamur.png,dataset-new/stik/non_sellable/05_stik_keju_berjamur.png,dataset-scrape,incoming,Imported from manual incoming batch inventory.
manual_batch_000424,manual,stik_non_sellable_batch_01,dataset-scrape,dataset_scrape_manual,manual_batch,stik,stik,non_sellable,tidak_layak_jual,batch_01,05_stik_singkong_berjamur_2.png,dataset-new/stik/non_sellable/05_stik_singkong_berjamur_2.png,dataset-scrape,incoming,Imported from manual incoming batch inventory.
manual_batch_000425,manual,stik_non_sellable_batch_01,dataset-scrape,dataset_scrape_manual,manual_batch,stik,stik,non_sellable,tidak_layak_jual,batch_01,1_stik_bawang_hangus.png,dataset-new/stik/non_sellable/1_stik_bawang_hangus.png,dataset-scrape,incoming,Imported from manual incoming batch inventory.
manual_batch_000426,manual,stik_non_sellable_batch_01,dataset-scrape,dataset_scrape_manual,manual_batch,stik,stik,non_sellable,tidak_layak_jual,batch_01,1_stik_hangus.png,dataset-new/stik/non_sellable/1_stik_hangus.png,dataset-scrape,incoming,Imported from manual incoming batch inventory.
manual_batch_000427,manual,stik_non_sellable_batch_01,dataset-scrape,dataset_scrape_manual,manual_batch,stik,stik,non_sellable,tidak_layak_jual,batch_01,1_stik_keju_hangus.png,dataset-new/stik/non_sellable/1_stik_keju_hangus.png,dataset-scrape,incoming,Imported from manual incoming batch inventory.
manual_batch_000428,manual,stik_non_sellable_batch_01,dataset-scrape,dataset_scrape_manual,manual_batch,stik,stik,non_sellable,tidak_layak_jual,batch_01,2_stik_bawang_bercak_parah.png,dataset-new/stik/non_sellable/2_stik_bawang_bercak_parah.png,dataset-scrape,incoming,Imported from manual incoming batch inventory.
manual_batch_000429,manual,stik_non_sellable_batch_01,dataset-scrape,dataset_scrape_manual,manual_batch,stik,stik,non_sellable,tidak_layak_jual,batch_01,2_stik_bercak_noda.png,dataset-new/stik/non_sellable/2_stik_bercak_noda.png,dataset-scrape,incoming,Imported from manual incoming batch inventory.
manual_batch_000430,manual,stik_non_sellable_batch_01,dataset-scrape,dataset_scrape_manual,manual_batch,stik,stik,non_sellable,tidak_layak_jual,batch_01,2_stik_keju_bercak_a.png,dataset-new/stik/non_sellable/2_stik_keju_bercak_a.png,dataset-scrape,incoming,Imported from manual incoming batch inventory.
manual_batch_000431,manual,stik_non_sellable_batch_01,dataset-scrape,dataset_scrape_manual,manual_batch,stik,stik,non_sellable,tidak_layak_jual,batch_01,3_stik_bawang_hancur.png,dataset-new/stik/non_sellable/3_stik_bawang_hancur.png,dataset-scrape,incoming,Imported from manual incoming batch inventory.
manual_batch_000432,manual,stik_non_sellable_batch_01,dataset-scrape,dataset_scrape_manual,manual_batch,stik,stik,non_sellable,tidak_layak_jual,batch_01,3_stik_hancur_pecah.png,dataset-new/stik/non_sellable/3_stik_hancur_pecah.png,dataset-scrape,incoming,Imported from manual incoming batch inventory.
manual_batch_000433,manual,stik_non_sellable_batch_01,dataset-scrape,dataset_scrape_manual,manual_batch,stik,stik,non_sellable,tidak_layak_jual,batch_01,3_stik_keju_bercak_b.png,dataset-new/stik/non_sellable/3_stik_keju_bercak_b.png,dataset-scrape,incoming,Imported from manual incoming batch inventory.
manual_batch_000434,manual,stik_non_sellable_batch_01,dataset-scrape,dataset_scrape_manual,manual_batch,stik,stik,non_sellable,tidak_layak_jual,batch_01,4_stik_bawang_berjamur_a.png,dataset-new/stik/non_sellable/4_stik_bawang_berjamur_a.png,dataset-scrape,incoming,Imported from manual incoming batch inventory.
manual_batch_000435,manual,stik_non_sellable_batch_01,dataset-scrape,dataset_scrape_manual,manual_batch,stik,stik,non_sellable,tidak_layak_jual,batch_01,4_stik_berjamur_A.png,dataset-new/stik/non_sellable/4_stik_berjamur_A.png,dataset-scrape,incoming,Imported from manual incoming batch inventory.
manual_batch_000436,manual,stik_non_sellable_batch_01,dataset-scrape,dataset_scrape_manual,manual_batch,stik,stik,non_sellable,tidak_layak_jual,batch_01,4_stik_keju_hancur.png,dataset-new/stik/non_sellable/4_stik_keju_hancur.png,dataset-scrape,incoming,Imported from manual incoming batch inventory.
manual_batch_000437,manual,stik_non_sellable_batch_01,dataset-scrape,dataset_scrape_manual,manual_batch,stik,stik,non_sellable,tidak_layak_jual,batch_01,5_stik_bawang_berjamur_b.png,dataset-new/stik/non_sellable/5_stik_bawang_berjamur_b.png,dataset-scrape,incoming,Imported from manual incoming batch inventory.
manual_batch_000438,manual,stik_non_sellable_batch_01,dataset-scrape,dataset_scrape_manual,manual_batch,stik,stik,non_sellable,tidak_layak_jual,batch_01,5_stik_berjamur_B.png,dataset-new/stik/non_sellable/5_stik_berjamur_B.png,dataset-scrape,incoming,Imported from manual incoming batch inventory.
manual_batch_000439,manual,stik_non_sellable_batch_01,dataset-scrape,dataset_scrape_manual,manual_batch,stik,stik,non_sellable,tidak_layak_jual,batch_01,5_stik_keju_berjamur.png,dataset-new/stik/non_sellable/5_stik_keju_berjamur.png,dataset-scrape,incoming,Imported from manual incoming batch inventory.
manual_batch_000440,manual,stik_non_sellable_batch_01,dataset-scrape,dataset_scrape_manual,manual_batch,stik,stik,non_sellable,tidak_layak_jual,batch_01,stik_jagung_1.png,dataset-new/stik/non_sellable/stik_jagung_1.png,dataset-scrape,incoming,Imported from manual incoming batch inventory.
manual_batch_000441,manual,stik_non_sellable_batch_01,dataset-scrape,dataset_scrape_manual,manual_batch,stik,stik,non_sellable,tidak_layak_jual,batch_01,stik_jagung_2.png,dataset-new/stik/non_sellable/stik_jagung_2.png,dataset-scrape,incoming,Imported from manual incoming batch inventory.
manual_batch_000442,manual,stik_non_sellable_batch_01,dataset-scrape,dataset_scrape_manual,manual_batch,stik,stik,non_sellable,tidak_layak_jual,batch_01,stik_jagung_3.png,dataset-new/stik/non_sellable/stik_jagung_3.png,dataset-scrape,incoming,Imported from manual incoming batch inventory.
manual_batch_000443,manual,stik_non_sellable_batch_01,dataset-scrape,dataset_scrape_manual,manual_batch,stik,stik,non_sellable,tidak_layak_jual,batch_01,stik_jagung_4.png,dataset-new/stik/non_sellable/stik_jagung_4.png,dataset-scrape,incoming,Imported from manual incoming batch inventory.
manual_batch_000444,manual,stik_non_sellable_batch_01,dataset-scrape,dataset_scrape_manual,manual_batch,stik,stik,non_sellable,tidak_layak_jual,batch_01,stik_jagung_5.png,dataset-new/stik/non_sellable/stik_jagung_5.png,dataset-scrape,incoming,Imported from manual incoming batch inventory.
manual_batch_000445,manual,stik_non_sellable_batch_01,dataset-scrape,dataset_scrape_manual,manual_batch,stik,stik,non_sellable,tidak_layak_jual,batch_01,stik_jagung_berjamur_1.png,dataset-new/stik/non_sellable/stik_jagung_berjamur_1.png,dataset-scrape,incoming,Imported from manual incoming batch inventory.
manual_batch_000446,manual,stik_non_sellable_batch_01,dataset-scrape,dataset_scrape_manual,manual_batch,stik,stik,non_sellable,tidak_layak_jual,batch_01,stik_jagung_berjamur_2.png,dataset-new/stik/non_sellable/stik_jagung_berjamur_2.png,dataset-scrape,incoming,Imported from manual incoming batch inventory.
manual_batch_000447,manual,stik_non_sellable_batch_01,dataset-scrape,dataset_scrape_manual,manual_batch,stik,stik,non_sellable,tidak_layak_jual,batch_01,stik_jagung_bernoda.png,dataset-new/stik/non_sellable/stik_jagung_bernoda.png,dataset-scrape,incoming,Imported from manual incoming batch inventory.
manual_batch_000448,manual,stik_non_sellable_batch_01,dataset-scrape,dataset_scrape_manual,manual_batch,stik,stik,non_sellable,tidak_layak_jual,batch_01,stik_jagung_hancur.png,dataset-new/stik/non_sellable/stik_jagung_hancur.png,dataset-scrape,incoming,Imported from manual incoming batch inventory.
manual_batch_000449,manual,stik_non_sellable_batch_01,dataset-scrape,dataset_scrape_manual,manual_batch,stik,stik,non_sellable,tidak_layak_jual,batch_01,stik_jagung_hangus.png,dataset-new/stik/non_sellable/stik_jagung_hangus.png,dataset-scrape,incoming,Imported from manual incoming batch inventory.
manual_batch_000450,manual,stik_non_sellable_batch_01,dataset-scrape,dataset_scrape_manual,manual_batch,stik,stik,non_sellable,tidak_layak_jual,batch_01,stik_kentang_1.png,dataset-new/stik/non_sellable/stik_kentang_1.png,dataset-scrape,incoming,Imported from manual incoming batch inventory.
manual_batch_000451,manual,stik_non_sellable_batch_01,dataset-scrape,dataset_scrape_manual,manual_batch,stik,stik,non_sellable,tidak_layak_jual,batch_01,stik_kentang_2.png,dataset-new/stik/non_sellable/stik_kentang_2.png,dataset-scrape,incoming,Imported from manual incoming batch inventory.
manual_batch_000452,manual,stik_non_sellable_batch_01,dataset-scrape,dataset_scrape_manual,manual_batch,stik,stik,non_sellable,tidak_layak_jual,batch_01,stik_kentang_3.png,dataset-new/stik/non_sellable/stik_kentang_3.png,dataset-scrape,incoming,Imported from manual incoming batch inventory.
manual_batch_000453,manual,stik_non_sellable_batch_01,dataset-scrape,dataset_scrape_manual,manual_batch,stik,stik,non_sellable,tidak_layak_jual,batch_01,stik_kentang_4.png,dataset-new/stik/non_sellable/stik_kentang_4.png,dataset-scrape,incoming,Imported from manual incoming batch inventory.
manual_batch_000454,manual,stik_non_sellable_batch_01,dataset-scrape,dataset_scrape_manual,manual_batch,stik,stik,non_sellable,tidak_layak_jual,batch_01,stik_kentang_5.png,dataset-new/stik/non_sellable/stik_kentang_5.png,dataset-scrape,incoming,Imported from manual incoming batch inventory.
manual_batch_000455,manual,stik_non_sellable_batch_01,dataset-scrape,dataset_scrape_manual,manual_batch,stik,stik,non_sellable,tidak_layak_jual,batch_01,stik_singkong_1.jpg,dataset-new/stik/non_sellable/stik_singkong_1.jpg,dataset-scrape,incoming,Imported from manual incoming batch inventory.
manual_batch_000456,manual,stik_non_sellable_batch_01,dataset-scrape,dataset_scrape_manual,manual_batch,stik,stik,non_sellable,tidak_layak_jual,batch_01,stik_singkong_2.jpg,dataset-new/stik/non_sellable/stik_singkong_2.jpg,dataset-scrape,incoming,Imported from manual incoming batch inventory.
manual_batch_000457,manual,stik_non_sellable_batch_01,dataset-scrape,dataset_scrape_manual,manual_batch,stik,stik,non_sellable,tidak_layak_jual,batch_01,stik_singkong_3.jpg,dataset-new/stik/non_sellable/stik_singkong_3.jpg,dataset-scrape,incoming,Imported from manual incoming batch inventory.
manual_batch_000458,manual,stik_non_sellable_batch_01,dataset-scrape,dataset_scrape_manual,manual_batch,stik,stik,non_sellable,tidak_layak_jual,batch_01,stik_singkong_4.jpg,dataset-new/stik/non_sellable/stik_singkong_4.jpg,dataset-scrape,incoming,Imported from manual incoming batch inventory.
manual_batch_000459,manual,stik_non_sellable_batch_01,dataset-scrape,dataset_scrape_manual,manual_batch,stik,stik,non_sellable,tidak_layak_jual,batch_01,stik_singkong_5.jpg,dataset-new/stik/non_sellable/stik_singkong_5.jpg,dataset-scrape,incoming,Imported from manual incoming batch inventory.
manual_batch_000460,manual,stik_sellable_batch_01,dataset-scrape,dataset_scrape_manual,manual_batch,stik,stik,sellable,layak_jual,batch_01,cheese_stick_1 (1).png,dataset-new/stik/sellable/cheese_stick_1 (1).png,dataset-scrape,incoming,Imported from manual incoming batch inventory.
manual_batch_000461,manual,stik_sellable_batch_01,dataset-scrape,dataset_scrape_manual,manual_batch,stik,stik,sellable,layak_jual,batch_01,cheese_stick_1.png,dataset-new/stik/sellable/cheese_stick_1.png,dataset-scrape,incoming,Imported from manual incoming batch inventory.
manual_batch_000462,manual,stik_sellable_batch_01,dataset-scrape,dataset_scrape_manual,manual_batch,stik,stik,sellable,layak_jual,batch_01,cheese_stick_2 (1).png,dataset-new/stik/sellable/cheese_stick_2 (1).png,dataset-scrape,incoming,Imported from manual incoming batch inventory.
manual_batch_000463,manual,stik_sellable_batch_01,dataset-scrape,dataset_scrape_manual,manual_batch,stik,stik,sellable,layak_jual,batch_01,cheese_stick_2.png,dataset-new/stik/sellable/cheese_stick_2.png,dataset-scrape,incoming,Imported from manual incoming batch inventory.
manual_batch_000464,manual,stik_sellable_batch_01,dataset-scrape,dataset_scrape_manual,manual_batch,stik,stik,sellable,layak_jual,batch_01,cheese_stick_3 (1).png,dataset-new/stik/sellable/cheese_stick_3 (1).png,dataset-scrape,incoming,Imported from manual incoming batch inventory.
manual_batch_000465,manual,stik_sellable_batch_01,dataset-scrape,dataset_scrape_manual,manual_batch,stik,stik,sellable,layak_jual,batch_01,cheese_stick_3.png,dataset-new/stik/sellable/cheese_stick_3.png,dataset-scrape,incoming,Imported from manual incoming batch inventory.
manual_batch_000466,manual,stik_sellable_batch_01,dataset-scrape,dataset_scrape_manual,manual_batch,stik,stik,sellable,layak_jual,batch_01,cheese_stick_4 (1).png,dataset-new/stik/sellable/cheese_stick_4 (1).png,dataset-scrape,incoming,Imported from manual incoming batch inventory.
manual_batch_000467,manual,stik_sellable_batch_01,dataset-scrape,dataset_scrape_manual,manual_batch,stik,stik,sellable,layak_jual,batch_01,cheese_stick_4.png,dataset-new/stik/sellable/cheese_stick_4.png,dataset-scrape,incoming,Imported from manual incoming batch inventory.
manual_batch_000468,manual,stik_sellable_batch_01,dataset-scrape,dataset_scrape_manual,manual_batch,stik,stik,sellable,layak_jual,batch_01,cheese_stick_5 (1).png,dataset-new/stik/sellable/cheese_stick_5 (1).png,dataset-scrape,incoming,Imported from manual incoming batch inventory.
manual_batch_000469,manual,stik_sellable_batch_01,dataset-scrape,dataset_scrape_manual,manual_batch,stik,stik,sellable,layak_jual,batch_01,cheese_stick_5.png,dataset-new/stik/sellable/cheese_stick_5.png,dataset-scrape,incoming,Imported from manual incoming batch inventory.
manual_batch_000470,manual,stik_sellable_batch_01,dataset-scrape,dataset_scrape_manual,manual_batch,stik,stik,sellable,layak_jual,batch_01,stik_bawang_1 (1).png,dataset-new/stik/sellable/stik_bawang_1 (1).png,dataset-scrape,incoming,Imported from manual incoming batch inventory.
manual_batch_000471,manual,stik_sellable_batch_01,dataset-scrape,dataset_scrape_manual,manual_batch,stik,stik,sellable,layak_jual,batch_01,stik_bawang_1.png,dataset-new/stik/sellable/stik_bawang_1.png,dataset-scrape,incoming,Imported from manual incoming batch inventory.
manual_batch_000472,manual,stik_sellable_batch_01,dataset-scrape,dataset_scrape_manual,manual_batch,stik,stik,sellable,layak_jual,batch_01,stik_bawang_2 (1).png,dataset-new/stik/sellable/stik_bawang_2 (1).png,dataset-scrape,incoming,Imported from manual incoming batch inventory.
manual_batch_000473,manual,stik_sellable_batch_01,dataset-scrape,dataset_scrape_manual,manual_batch,stik,stik,sellable,layak_jual,batch_01,stik_bawang_2.png,dataset-new/stik/sellable/stik_bawang_2.png,dataset-scrape,incoming,Imported from manual incoming batch inventory.
manual_batch_000474,manual,stik_sellable_batch_01,dataset-scrape,dataset_scrape_manual,manual_batch,stik,stik,sellable,layak_jual,batch_01,stik_bawang_3 (1).png,dataset-new/stik/sellable/stik_bawang_3 (1).png,dataset-scrape,incoming,Imported from manual incoming batch inventory.
manual_batch_000475,manual,stik_sellable_batch_01,dataset-scrape,dataset_scrape_manual,manual_batch,stik,stik,sellable,layak_jual,batch_01,stik_bawang_3.png,dataset-new/stik/sellable/stik_bawang_3.png,dataset-scrape,incoming,Imported from manual incoming batch inventory.
manual_batch_000476,manual,stik_sellable_batch_01,dataset-scrape,dataset_scrape_manual,manual_batch,stik,stik,sellable,layak_jual,batch_01,stik_bawang_4 (1).png,dataset-new/stik/sellable/stik_bawang_4 (1).png,dataset-scrape,incoming,Imported from manual incoming batch inventory.
manual_batch_000477,manual,stik_sellable_batch_01,dataset-scrape,dataset_scrape_manual,manual_batch,stik,stik,sellable,layak_jual,batch_01,stik_bawang_4.png,dataset-new/stik/sellable/stik_bawang_4.png,dataset-scrape,incoming,Imported from manual incoming batch inventory.
manual_batch_000478,manual,stik_sellable_batch_01,dataset-scrape,dataset_scrape_manual,manual_batch,stik,stik,sellable,layak_jual,batch_01,stik_bawang_5 (1).png,dataset-new/stik/sellable/stik_bawang_5 (1).png,dataset-scrape,incoming,Imported from manual incoming batch inventory.
manual_batch_000479,manual,stik_sellable_batch_01,dataset-scrape,dataset_scrape_manual,manual_batch,stik,stik,sellable,layak_jual,batch_01,stik_bawang_5.png,dataset-new/stik/sellable/stik_bawang_5.png,dataset-scrape,incoming,Imported from manual incoming batch inventory.
manual_batch_000480,manual,stik_sellable_batch_01,dataset-scrape,dataset_scrape_manual,manual_batch,stik,stik,sellable,layak_jual,batch_01,stik_jagung_1 (1).png,dataset-new/stik/sellable/stik_jagung_1 (1).png,dataset-scrape,incoming,Imported from manual incoming batch inventory.
manual_batch_000481,manual,stik_sellable_batch_01,dataset-scrape,dataset_scrape_manual,manual_batch,stik,stik,sellable,layak_jual,batch_01,stik_jagung_1.png,dataset-new/stik/sellable/stik_jagung_1.png,dataset-scrape,incoming,Imported from manual incoming batch inventory.
manual_batch_000482,manual,stik_sellable_batch_01,dataset-scrape,dataset_scrape_manual,manual_batch,stik,stik,sellable,layak_jual,batch_01,stik_jagung_2 (1).png,dataset-new/stik/sellable/stik_jagung_2 (1).png,dataset-scrape,incoming,Imported from manual incoming batch inventory.
manual_batch_000483,manual,stik_sellable_batch_01,dataset-scrape,dataset_scrape_manual,manual_batch,stik,stik,sellable,layak_jual,batch_01,stik_jagung_2.png,dataset-new/stik/sellable/stik_jagung_2.png,dataset-scrape,incoming,Imported from manual incoming batch inventory.
manual_batch_000484,manual,stik_sellable_batch_01,dataset-scrape,dataset_scrape_manual,manual_batch,stik,stik,sellable,layak_jual,batch_01,stik_jagung_3 (1).png,dataset-new/stik/sellable/stik_jagung_3 (1).png,dataset-scrape,incoming,Imported from manual incoming batch inventory.
manual_batch_000485,manual,stik_sellable_batch_01,dataset-scrape,dataset_scrape_manual,manual_batch,stik,stik,sellable,layak_jual,batch_01,stik_jagung_3.png,dataset-new/stik/sellable/stik_jagung_3.png,dataset-scrape,incoming,Imported from manual incoming batch inventory.
manual_batch_000486,manual,stik_sellable_batch_01,dataset-scrape,dataset_scrape_manual,manual_batch,stik,stik,sellable,layak_jual,batch_01,stik_jagung_4 (1).png,dataset-new/stik/sellable/stik_jagung_4 (1).png,dataset-scrape,incoming,Imported from manual incoming batch inventory.
manual_batch_000487,manual,stik_sellable_batch_01,dataset-scrape,dataset_scrape_manual,manual_batch,stik,stik,sellable,layak_jual,batch_01,stik_jagung_4.png,dataset-new/stik/sellable/stik_jagung_4.png,dataset-scrape,incoming,Imported from manual incoming batch inventory.
manual_batch_000488,manual,stik_sellable_batch_01,dataset-scrape,dataset_scrape_manual,manual_batch,stik,stik,sellable,layak_jual,batch_01,stik_jagung_5 (1).png,dataset-new/stik/sellable/stik_jagung_5 (1).png,dataset-scrape,incoming,Imported from manual incoming batch inventory.
manual_batch_000489,manual,stik_sellable_batch_01,dataset-scrape,dataset_scrape_manual,manual_batch,stik,stik,sellable,layak_jual,batch_01,stik_jagung_5.png,dataset-new/stik/sellable/stik_jagung_5.png,dataset-scrape,incoming,Imported from manual incoming batch inventory.
manual_batch_000490,manual,stik_sellable_batch_01,dataset-scrape,dataset_scrape_manual,manual_batch,stik,stik,sellable,layak_jual,batch_01,stik_kentang_1 (1).png,dataset-new/stik/sellable/stik_kentang_1 (1).png,dataset-scrape,incoming,Imported from manual incoming batch inventory.
manual_batch_000491,manual,stik_sellable_batch_01,dataset-scrape,dataset_scrape_manual,manual_batch,stik,stik,sellable,layak_jual,batch_01,stik_kentang_1.png,dataset-new/stik/sellable/stik_kentang_1.png,dataset-scrape,incoming,Imported from manual incoming batch inventory.
manual_batch_000492,manual,stik_sellable_batch_01,dataset-scrape,dataset_scrape_manual,manual_batch,stik,stik,sellable,layak_jual,batch_01,stik_kentang_2 (1).png,dataset-new/stik/sellable/stik_kentang_2 (1).png,dataset-scrape,incoming,Imported from manual incoming batch inventory.
manual_batch_000493,manual,stik_sellable_batch_01,dataset-scrape,dataset_scrape_manual,manual_batch,stik,stik,sellable,layak_jual,batch_01,stik_kentang_2.png,dataset-new/stik/sellable/stik_kentang_2.png,dataset-scrape,incoming,Imported from manual incoming batch inventory.
manual_batch_000494,manual,stik_sellable_batch_01,dataset-scrape,dataset_scrape_manual,manual_batch,stik,stik,sellable,layak_jual,batch_01,stik_kentang_3 (1).png,dataset-new/stik/sellable/stik_kentang_3 (1).png,dataset-scrape,incoming,Imported from manual incoming batch inventory.
manual_batch_000495,manual,stik_sellable_batch_01,dataset-scrape,dataset_scrape_manual,manual_batch,stik,stik,sellable,layak_jual,batch_01,stik_kentang_3.png,dataset-new/stik/sellable/stik_kentang_3.png,dataset-scrape,incoming,Imported from manual incoming batch inventory.
manual_batch_000496,manual,stik_sellable_batch_01,dataset-scrape,dataset_scrape_manual,manual_batch,stik,stik,sellable,layak_jual,batch_01,stik_kentang_4 (1).png,dataset-new/stik/sellable/stik_kentang_4 (1).png,dataset-scrape,incoming,Imported from manual incoming batch inventory.
manual_batch_000497,manual,stik_sellable_batch_01,dataset-scrape,dataset_scrape_manual,manual_batch,stik,stik,sellable,layak_jual,batch_01,stik_kentang_4.png,dataset-new/stik/sellable/stik_kentang_4.png,dataset-scrape,incoming,Imported from manual incoming batch inventory.
manual_batch_000498,manual,stik_sellable_batch_01,dataset-scrape,dataset_scrape_manual,manual_batch,stik,stik,sellable,layak_jual,batch_01,stik_kentang_5 (1).png,dataset-new/stik/sellable/stik_kentang_5 (1).png,dataset-scrape,incoming,Imported from manual incoming batch inventory.
manual_batch_000499,manual,stik_sellable_batch_01,dataset-scrape,dataset_scrape_manual,manual_batch,stik,stik,sellable,layak_jual,batch_01,stik_kentang_5.png,dataset-new/stik/sellable/stik_kentang_5.png,dataset-scrape,incoming,Imported from manual incoming batch inventory.
manual_batch_000500,manual,stik_sellable_batch_01,dataset-scrape,dataset_scrape_manual,manual_batch,stik,stik,sellable,layak_jual,batch_01,stik_singkong_1 (1).png,dataset-new/stik/sellable/stik_singkong_1 (1).png,dataset-scrape,incoming,Imported from manual incoming batch inventory.
manual_batch_000501,manual,stik_sellable_batch_01,dataset-scrape,dataset_scrape_manual,manual_batch,stik,stik,sellable,layak_jual,batch_01,stik_singkong_1.png,dataset-new/stik/sellable/stik_singkong_1.png,dataset-scrape,incoming,Imported from manual incoming batch inventory.
manual_batch_000502,manual,stik_sellable_batch_01,dataset-scrape,dataset_scrape_manual,manual_batch,stik,stik,sellable,layak_jual,batch_01,stik_singkong_2 (1).png,dataset-new/stik/sellable/stik_singkong_2 (1).png,dataset-scrape,incoming,Imported from manual incoming batch inventory.
manual_batch_000503,manual,stik_sellable_batch_01,dataset-scrape,dataset_scrape_manual,manual_batch,stik,stik,sellable,layak_jual,batch_01,stik_singkong_2.png,dataset-new/stik/sellable/stik_singkong_2.png,dataset-scrape,incoming,Imported from manual incoming batch inventory.
manual_batch_000504,manual,stik_sellable_batch_01,dataset-scrape,dataset_scrape_manual,manual_batch,stik,stik,sellable,layak_jual,batch_01,stik_singkong_3 (1).png,dataset-new/stik/sellable/stik_singkong_3 (1).png,dataset-scrape,incoming,Imported from manual incoming batch inventory.
manual_batch_000505,manual,stik_sellable_batch_01,dataset-scrape,dataset_scrape_manual,manual_batch,stik,stik,sellable,layak_jual,batch_01,stik_singkong_3.png,dataset-new/stik/sellable/stik_singkong_3.png,dataset-scrape,incoming,Imported from manual incoming batch inventory.
manual_batch_000506,manual,stik_sellable_batch_01,dataset-scrape,dataset_scrape_manual,manual_batch,stik,stik,sellable,layak_jual,batch_01,stik_singkong_4 (1).png,dataset-new/stik/sellable/stik_singkong_4 (1).png,dataset-scrape,incoming,Imported from manual incoming batch inventory.
manual_batch_000507,manual,stik_sellable_batch_01,dataset-scrape,dataset_scrape_manual,manual_batch,stik,stik,sellable,layak_jual,batch_01,stik_singkong_4.png,dataset-new/stik/sellable/stik_singkong_4.png,dataset-scrape,incoming,Imported from manual incoming batch inventory.
manual_batch_000508,manual,stik_sellable_batch_01,dataset-scrape,dataset_scrape_manual,manual_batch,stik,stik,sellable,layak_jual,batch_01,stik_singkong_5 (1).png,dataset-new/stik/sellable/stik_singkong_5 (1).png,dataset-scrape,incoming,Imported from manual incoming batch inventory.
manual_batch_000509,manual,stik_sellable_batch_01,dataset-scrape,dataset_scrape_manual,manual_batch,stik,stik,sellable,layak_jual,batch_01,stik_singkong_5.png,dataset-new/stik/sellable/stik_singkong_5.png,dataset-scrape,incoming,Imported from manual incoming batch inventory.
